Channel,Channel_ID,Subscribers,Total_Views,Total_Videos
건나물TV,UC6xugt5HrbJpVMUQvnTkulw,1270000.0,548608348.0,1486.0
굿라이프,UCHxzuqAQ0DU9y1eaqUltXtw,19900.0,10087604.0,201.0
KBS 생로병사의 비밀,UCiV4_cGVt-t-j6jMQ7RCrXw,849000.0,462465185.0,6798.0
EBSDocumentary (EBS 다큐),UCFCtZJTuJhE18k8IXwmXTYQ,5350000.0,7308014375.0,66092.0
닥터쓰리 - 한미일의사의 쉬운 의학,UCkpAw1Z13syiCKj_igxK_xA,435000.0,58556803.0,401.0
건강이알고싶다,UCoi4V1acTv1EfBe_ooxoBqQ,63800.0,15053976.0,162.0
이재성 박사의 식탁보감,UCUIDRva6N0c3I10d9QOqefw,1280000.0,215540968.0,524.0
바른건강,UCkARt3BEOlHCNtLPVuKZgQA,461000.0,207972549.0,4960.0
닥터딩요,UCedNxnMK3b2-_hzqLyo4stg,853000.0,105341657.0,390.0
인간미 넘치는 건강멘토,UCGa7bzc9nchy7PQshb85I5Q,531000.0,54715994.0,488.0
길병원TV,UCTHZLYJyvhkg1hZ2vDzixuQ,135000.0,23385621.0,1443.0
암 찾는 의사 이원경,UC5UwSbZuTkyaf_Givu_2bxQ,340000.0,60484422.0,176.0
지식붐,UCn2rAUW5pkonTJWF1HADJcg,0.0,380.0,1.0
건강한한국인 건강정보,UCyX7Odi7l_oyM5Z-OxJtXTA,71600.0,40786453.0,1033.0
EBS 건강,UCKdvqF-mmgiifS_pinO_bRA,446000.0,189871275.0,1509.0
부부한의사,UCq5SkAyupUwt3IRS9TppTvw,481000.0,174682496.0,929.0
내과전문의 닥터케이 Dr.K,UC9p63MYZE5nUKmr2RS0fNwA,374000.0,48310377.0,396.0
EBSCulture (EBS 교양),UCl_tB4AqPkkxuYcJQHz6dMw,2970000.0,2623225849.0,60613.0
서울아산병원,UC08tP3KIyCK9vYNZm5qQuiw,387000.0,112092372.0,3184.0
언더스탠딩 : 세상의 모든 지식,UCIUni4ScRp4mqPXsxy62L5w,1320000.0,530972206.0,4090.0
건강장수TV,UCeTXvjj2t4-jpbNGbJ05WKQ,86.0,31192.0,20.0
김작가 TV,UCvil4OAt-zShzkKHsg9EQAw,2680000.0,1278218845.0,6370.0
경희의료원,UCSPd120sfHaijEkMmDNVdKQ,28300.0,4845846.0,1183.0
약간 헷갈리면 약국 캠페인,UCR6AgW12Rlb_H9Ff_ZBVQ_g,3970.0,1986720.0,4.0
의사친[의사사람친구],UC8EMF6H5YOCk-BdNEuYnkbA,246000.0,61715966.0,1088.0
건강박사,UC2-gb53qXD1LgyRq0K36l8A,195000.0,13428019.0,214.0
건강백단 - 건강정보,UCSqJOwP528MNmSBHjLQRW1A,124000.0,130015140.0,322.0
루이빈치과 류지헌,UCmzK71U9c8w--ejwOTiELgg,363000.0,186677291.0,2700.0
오징어약사TV - 가장 쉬운 건강채널,UCzXIFIChH0pN_8ZLvf5pgQg,645000.0,95042281.0,492.0
분당서울대학교병원,UCzp_EKglYlon4-hOCF6tdfw,272000.0,38682573.0,631.0
신사임당,UCaJdckl6MBdDPDf75Ec_bJA,2730000.0,931714543.0,9566.0
서울대병원tv,UCq1tdFBQNN47kESigh9Xd1A,377000.0,132374809.0,2700.0
당뇨스쿨,UCZcVBt_bK384j_0iW1ARQtQ,268000.0,49251025.0,2075.0
당뇨생활,UCz2mkGlL3plh-HU0ew_6STQ,100000.0,25559135.0,676.0
헬스조선 Health Chosun,UCAALfFyHolJ0jjgKoSMZ15Q,238000.0,108677929.0,2715.0
오만스토리,UC8M6xFrsuSo6KeSJFiPBKOw,64200.0,13669457.0,25.0
무조건당신편,UCTp5fJVTDuFmf_dVfIMF7Nw,423000.0,87705532.0,2884.0
EBS 컬렉션 - 사이언스,UCiFYUP4_TI70yCkkVJAlxoA,1310000.0,542657127.0,2916.0
KBS 1라디오,UCMLJc_D3jgFcS_48G7i4V0A,1370000.0,903187353.0,35973.0
KBS 다큐,UC4LW3sOslC14Vn5bcoNUBkg,2730000.0,2094166595.0,46928.0
김재원TV,UCv2d6bZlquOUh_fQdp9XMMg,475000.0,14104330.0,592.0
모두라이프,UC2_dem66fYSDPt3r5frNn-g,79700.0,46263713.0,1063.0
띵까띵까,UCW0e_91P_Nb7F7SH8R6IiAA,112000.0,147024.0,86.0
지식의 맛,UCG5LBY-JUvHYotJ8ODBNsNw,410000.0,102316623.0,1429.0
삼프로TV 3PROTV,UChlv4GSd7OQl3js-jkLOnFA,2910000.0,1691359380.0,20943.0
시니어정보통 백세인생,UCFUiDtaHB68IGnq1O0_5w1A,66400.0,39080810.0,521.0
"당뇨 딸, 전 간호사",UCJGxm85xxMW0bVjkebaz2qg,57100.0,14687401.0,773.0
탱크약사,UCnHz9L-dDd_snUdOoHnq_4Q,89500.0,7985964.0,259.0
생활건강센터,UCsh98-H3gVCBTKQ3eN4gHfg,57200.0,46482729.0,173.0
위담한방병원,UC0_vsuVa274JQur3FraxuaA,53400.0,15058545.0,696.0
KBS News,UCcQTRi69dsVYHN3exePtZ1A,3580000.0,10556582074.0,444348.0
시니어건강생활,UC-4LHzpgZ6f3DcNHe5H-XTg,2790.0,1465499.0,90.0
건강보감365,UC5oacd8zGHWtPUje-Tgomqw,11500.0,5378766.0,292.0
건강의학전문채널 하이닥,UCeISn7AHbPIqXwWKCB_6eHg,220000.0,65899635.0,5054.0
헤럴드스토리,UC5RMl_yYFDMAuww6rhW-oLA,149000.0,93527832.0,1224.0
알유건강 - 건강정보,UCUWPQIAH_MubF_z9gG9RvNQ,62400.0,31162673.0,280.0
김순렬TV,UCL80GnJhSdsw4IHoKRNsC2g,710000.0,146036238.0,1035.0
오롯건강,UCi3WJ_7o1nsQkoYdWOrL0jw,608.0,595103.0,6.0
김소형채널H,UCuFGPhfJlIngZaC2BjLaJdQ,1750000.0,497436425.0,1738.0
약사가 들려주는 약 이야기,UCMFk5S7g5DY-CZNVh_Kyz_A,1990000.0,408493989.0,1079.0
조동혁의100세 건강시대,UCTE1QMdxE1vKjyHPUM2uuKQ,537000.0,59874944.0,826.0
소리내어읽다,UClQxoNN4nfaECCgdypcICeg,567000.0,93616930.0,859.0
닥터조의 건강이야기,UCvJweEBlMAB4DrcxJYZHXAA,462000.0,61728041.0,668.0
나음힐링센터 방태환원장,UCN_IJqZxYe1k_opzFYMAhDA,682000.0,174560635.0,2535.0
지식한상 ,UCw8hsZYZcasyyLrfOFP8D-w,1380000.0,348377766.0,894.0
닥터덕 Dr Duk,UC9NCnL0ZJmx33uL5GtkvsyQ,222000.0,25774470.0,643.0
책한민국,UCi1hLu811KJHTiKWZmSQx8g,365000.0,26902313.0,704.0
빅퀘스천 Big Questions,UCwTeqOOcb4o64be9MnmxUUA,763000.0,194671932.0,1299.0
1분건강 비타민닥터,UCAgj8BzXL7INaGBgILdIQcA,6370.0,3230000.0,30.0
서울대학교병원 강남센터,UC7b852QbNlkegn8GdSkYWZw,153000.0,17821843.0,380.0
의학채널 비온뒤,UCF9vbHlZpz7FbOAky3fnYxw,2020000.0,699122519.0,17658.0
굿닥터 김태균,UCuqvo3Sona-273f0XK2qbXw,42800.0,16444752.0,299.0
오상신경외과의원,UCBe0N2MoWhVKHKEoYPl8XvQ,205000.0,43495496.0,702.0
우리를위한,UCfalrlTK53SPvlZhP7uGRTA,593.0,188029.0,151.0
고대병원,UCloHi95j0b64KB7B0foV5qA,1190000.0,188222484.0,5267.0
세브란스,UCIqNAJC8l8rCAXOZPyfyG0Q,358000.0,99981720.0,1900.0
HBS약초방송,UCdRcubzVjtptKPG6nJ773wA,395000.0,71947195.0,1427.0
삼성서울병원,UCB3BKKiUtMYuPoagCSTyn1Q,196000.0,33152805.0,1911.0
약사설명 약짱TV,UCXlXpZzz9rtd3YxZPALtBeg,532000.0,73265255.0,235.0
진약사톡,UCxA3KmxmYj6arNJJ4N8mJpA,394000.0,64596383.0,680.0
건강박프로,UC6JMehJcAHcfUka1M26CErQ,11600.0,12396252.0,110.0
SBS 뉴스,UCkinYTS9IHqOEwR1Sze2JTw,5190000.0,17180598869.0,333022.0
리틀약사,UC3iSLVH0MxHfwO69oHKpvog,558000.0,78519967.0,817.0
배석철의 비타민B3 LAB,UC_UTXwnRNWyyOpW2VH81GNg,26500.0,1914712.0,137.0
질병관리청 아프지마TV,UCa7-3Zvxg-5Rfxgu3RQY_gw,101000.0,195947845.0,1722.0
MKTV 김미경TV,UCnaGfDaiM-pM1l-SXYpq37Q,1890000.0,536360259.0,2621.0
인생숏츠,UCLMttEFHMfS7zcu7drKGGQw,212000.0,124205917.0,342.0
대항병원,UCf3ZZpHjdWbCplbPQigtNvw,3550.0,1621082.0,194.0
책읽기좋은날,UC17lvWECf2AWRbqKuCcf4VQ,979000.0,186897890.0,1969.0
황성수힐링스쿨,UCeAC7B7T2OKJcHheUCcS72w,214000.0,54765582.0,1161.0
아주대병원TV,UCDptrnJhCFaeIVQQGZyQ1Pw,82400.0,28403783.0,719.0
분당차병원_CHA Bundang Medical Center,UCQnbEcKjCBh-lEdX18Jimgg,45000.0,6454742.0,483.0
EBS,UCNjQBiTSdoj2tCQLBGXFksw,204000.0,20420233.0,6658.0
김현욱의 지식의길,UC682EBeAEpHuXHcUAZ7IVjA,112000.0,18514409.0,232.0
건강보감TV,UCyGC8ENOX4ivttkNBsshP6g,37400.0,17674418.0,507.0
제철건강,UCedl3ClIwMtTdmHeiiS1czg,247000.0,47113816.0,1031.0
철수와건강,UCMSQenzS87RlhG1OPY1t5gw,34200.0,2464460.0,30.0
여섯시의 진료실,UC0d-dXP4FAEFSV67_V9cGxQ,35600.0,8841048.0,533.0
우리 모두 튼튼,UCOUzm2Kw5nKAwyDd1ewjXwA,268000.0,40974075.0,872.0
랜선진료소,UCuYhQoGYDaJ0L0-B2GYSplg,16800.0,2841520.0,335.0
여에스더의 에스더TV,UCbe-PEd4rZPMmITwDvgBj1Q,415000.0,214506707.0,1188.0
SBS Entertainment,UCmjNKt6kITwaZTqvWuaSPLg,7490000.0,10948018399.0,242076.0
기능의학의사 김원장,UCIhYia6RQLf2HATzNrUqb8Q,178000.0,16863552.0,267.0
다이어트 과학자 최겸 Gyum Choi,UChXDq9Izwq-pTzeUWzwXL3A,605000.0,106067778.0,639.0
잘 사는 노인연구소,UCK1Px64_TnWL5aoPe06VFHw,23900.0,802477.0,20.0
한국시니어TV,UCZzZo5KH3-r_DaMH4u25X1g,320000.0,80259044.0,5209.0
몸신한의사 한진우,UCI-rCNlQcB1Z1XksQxMSBKA,69800.0,7493566.0,1005.0
교육하는 의사! 이동환TV,UC9Vkx4zyHY4myJoykjtVm7A,1110000.0,259088705.0,1538.0
안과 박원장,UCHpnob603_lOIVwiV_64ZAQ,11400.0,3504590.0,338.0
정희원의 저속노화,UCxRSQfYmcVEI5jP3sOwnlpw,498000.0,38932638.0,194.0
건강한입,UCHsP8tMIW6laCjpDJ0Pee_A,18200.0,296891.0,170.0
건강생활,UCeae_8zNL3z0iDOZyIpAskA,234000.0,32275.0,10.0
건강주의보,UC_0Lu3O-qK_GygvJswgO1tg,124000.0,8220498.0,95.0
병원접수,UCXhnkZL08Kz32pKabkyx8fg,1010.0,47763.0,46.0
이음여성한의원 김우성 원장,UC-6BfHzSG1_ZfcQZn5PeoMg,137000.0,51133142.0,886.0
행복한의사 김정훈의 건강이야기,UCaPfNqobWHUC9fQTD1MShdg,67000.0,9974777.0,569.0
더나은길외과,UC3kYWe8A4tzwJsDd9iQZTHA,15800.0,3419548.0,345.0
박지영박사의 건강돋보기TV,UCrc--8Z5wbsx5w4AWhdP8xw,69600.0,7493753.0,568.0
 YTN,UChlgI3UHCOnwUGzWzbJ3H5w,5320000.0,19986673358.0,950551.0
MBCNEWS,UCF4Wxdo3inmxP-Y59wXDsFw,6150000.0,28161235854.0,376777.0
몸짱 약사 민재원,UCukEBqgp_pY3VmyWV_MPxXg,95100.0,21705386.0,1469.0
당신을살릴식사,UCaf9T5X8KRfmMZZSy29EDoQ,36200.0,15003913.0,464.0
더건강,UCXjpzeB8_4F5kSiQYU5Ekvg,78300.0,40008591.0,794.0
일상,UCT-gpmn_7xRBBAnWjJ3oazQ,52000.0,189931386.0,655.0
행복백세지혜TV,UCbjZivNN6d8dhpU5Qyxrk9Q,9080.0,372746.0,140.0
KBS 교양,UCHlSeJxRIXZWMARC2oMwmcQ,1790000.0,1549153671.0,78649.0
영양과학자 양과자,UCY-mXLM6DsS9cmSwlh0tqSA,235000.0,23543424.0,434.0
건강상식119,UCrQagF29WIUW5ZMz3gJmTfw,705.0,344086.0,227.0
캐내네 메디컬,UCotH1R0srQ2FjdGQqZVH6FA,21200.0,6188580.0,3234.0
조여사건강이야기,UCRI9N9ISmlCSq9tEoBSgT8Q,54900.0,2457783.0,61.0
이수정의 건강한 장수비결,UCTnkYBEcp-aTOiNSPxHjOpg,57600.0,3175439.0,121.0
백세88건강시대,UCLDNokHG6s1UMswE5ITuKOg,3810.0,1634712.0,55.0
윤혜진의 What see TV,UCEzZcejf28Oetz9TC5TuqSA,244000.0,80376480.0,419.0
간보는 의사언니 유정주,UClnndXUYc3AMKqIUN6BwefA,55100.0,7145251.0,467.0
하루식,UCXFwVRiDLF3BTflW_j3giWw,356.0,87552.0,23.0
웃는건강,UCnQZe8H-yWQKYGuE90kCHhA,1990.0,1402766.0,59.0
건강빚음,UCPP7EJw6XKk3_r4g1Dec-nw,17200.0,1995836.0,71.0
tvN Joy,UC78PMQprrZTbU0IlMDsYZPw,4510000.0,8539112544.0,111130.0
대한뇌졸중학회 Korean Stroke Society ,UC2b86qNxANE_0lQ71WIS06w,35900.0,3601449.0,188.0
삶의지혜,UCETN0sFl1-pB3JxSV2xHUkA,23800.0,24979660.0,176.0
JTBC Life,UCe-gh0jfKlR_EvsNyzYphww,483000.0,577655702.0,21194.0
우리동네신경외과,UCxFXDb8gmyoYGZqeQLyUuwQ,87900.0,28290507.0,509.0
두근두근홍닥터,UCryIerultxHgKoG4LgD9DNw,22700.0,1874710.0,202.0
국립중앙의료원,UC0exjNuBK7wrFbFglbue1Ew,3410.0,906930.0,318.0
그레이트온 greEAT_on,UCXBv_JTaZjTsAcGxBA7rPJg,13000.0,4242485.0,658.0
YTN 사이언스 투데이,UCUkuuoNkyVBFWojFW-SPmTw,127000.0,111771811.0,50894.0
건강 비결,UCxFdnwA036wyGEcHLJJQngA,12700.0,869471.0,123.0
시니어 건강채널,UCgm7G6iEnUqX2IudIH2tiKQ,55300.0,4712824.0,131.0
사피엔스 스튜디오,UC-9RQCJ0gS_Kgt7J0SVrE8w,2000000.0,792512298.0,5872.0
정세연의 라이프연구소,UCj8zZ1a8Lqtj4wY2bHbcIaQ,1110000.0,258818586.0,1092.0
학튜브,UCZXon8MxUBA92M6H4ixcvgg,97500.0,351284541.0,1120.0
예방의학 채널 / 내과의 감수,UCMx9Z9PCGI6OfqhxSKEz8UQ,98700.0,11389339.0,21.0
건강뉴스,UC7UF-uHiPTv1Ed12iFpH7wA,844000.0,164482142.0,453.0
닥터프렌즈,UCVfLNEch9YxD4tX1L-crkMQ,1420000.0,455996979.0,1447.0
원광대병원tv,UCpd5rh5gExcpeFnQJYxFNiA,9460.0,2807002.0,441.0
지니어스강_무엇이든 물어보세요,UCci4TuvTkiQ7u7MHlCNgCcw,8080.0,714119.0,61.0
나는의사다,UCjegsOAf5nOCfLfMpLyNj0A,218000.0,48857888.0,2493.0
현대해상,UCLdiWtQQZvuj4u15COsjnJg,166000.0,123732722.0,283.0
SNU서울병원TV,UCt0LCYd0AjWMj80gWQIgDPA,47100.0,15167966.0,711.0
관절류마티스TV,UCXv7QqNLKkgXNscOYMvSbTA,8550.0,875719.0,142.0
가니가니 - 차린이 차량설명서,UCGv8eaHcDr4mRsL-bSFzGjg,162000.0,102324518.0,866.0
털보의사 김진균의 의학정보 & 건강상식,UCjXFD60dzxkUiuGrRDtZP4A,101000.0,12760263.0,1235.0
이상한 다이어트,UCdlAXDUWRZhHZt1hAnyk0Mg,36000.0,7043590.0,294.0
류마티비 - 아산본 류마티스내과,UC9xr213S5IGhFYZXN1Oz-hQ,47800.0,9648445.0,615.0
식단플러스,UChysupdoer5OSi3110_4qcQ,981.0,579097.0,75.0
통증완화 한몸tv ,UCp3ZnGimYFlMjo8fAruof-A,54700.0,7308145.0,575.0
TVCHOSUN - TV조선,UCuw1hxBo5mDVUhgMzRDk3aw,3510000.0,6350130144.0,116050.0
건강매력마을,UC-uYLw2xn7RWcLpadWIrWKg,1210.0,535931.0,110.0
동국제약,UC3JMzIAhPNmbCQFyfalZstg,20100.0,169893579.0,273.0
톡투건강TV,UCVC21HvJs4W6FclmYr7pFGw,119000.0,19127799.0,1694.0
진지한 윤코치 Yoon coach,UC8y5tqka4_CyzQu8m3yi07Q,1030.0,654500.0,125.0
뉴리TV Nuri TV,UCpvYR42MJM-JGi6KlbYHPTA,67400.0,15308912.0,1158.0
국민주치의 내과의사들 [대한내과학회 공식],UC1VxbnuIbMI9JdmhLQnFzdw,7720.0,823577.0,132.0
건국대학교병원,UCO73y3Xo_W4DB_pUImiYheA,48600.0,7757565.0,658.0
이동형의 콩G팥G [콩지팥지],UCAyTeWs7bJbpesCD4-6gNjg,4940.0,720880.0,204.0
류마티스질환 궁금증해결,UCRC-TnEhbM_GhcsKOly_snw,3100.0,429030.0,146.0
건강의 벗,UCE4lC2qOQeV3OAK2iReTGvg,265000.0,29301519.0,1691.0
SK케미칼 [SK Chemicals],UCs3y-S4JutSTtbzSfBoLPvw,3610.0,26935472.0,109.0
인생지혜,UCVzu1MxBwAc1b-ZkhZbZcog,7900.0,114245.0,51.0
친절한 의사,UCvGO9DOcQrviRegeoGlKn-Q,24800.0,6050764.0,594.0
HiDrLee,UCvT1qJz26pQzA7zpsZG-mKA,18300.0,5255982.0,627.0
히포크라테스 스튜디오,UCFZ1I2YqcO5JKcDXy3gyOUQ,37300.0,7307233.0,86.0
play 채널A,UCaZS_XwAu1yBMNoQDD1mR7g,3300000.0,5876867147.0,71300.0
백세시대,UCgnnFWMMHvraXTn_111HK8Q,86.0,62067.0,43.0
굿닥터인부산,UCvpwvsqUijWVIExvXfshWEA,134000.0,34635976.0,1789.0
알려주고 싶은 약 이야기,UCiCiGrfSEkifmztClR8TRrQ,7290.0,1882874.0,152.0
헬스픽숏츠,UCJyv_QOJVSyt05HerylfRgQ,521.0,169481.0,162.0
몸쓸건강,UCQIMbUKVmsaSwE4ecCxj0Pg,2760.0,2399204.0,81.0
백세시대 건강습관,UCM3dS8yD1hGCNY1nwEXC4-g,52000.0,12712535.0,372.0
올바른TV,UC4KBmiJIUVwV4-8Ah9NlJcA,17700.0,3388194.0,721.0
simcheon,UCdBimuPpuxvfJiSVMKJde5w,8900.0,1778568.0,354.0
한양대학교병원,UCYkCOnft2kGEccuZdIQTAiw,20900.0,4452511.0,382.0
코리안갓닥터,UC7Qhk3Qc7U-_XvgurkMZfWQ,2420.0,373391.0,109.0
브레인튜브 Brain Doctor,UCR6sR1ITtHIz8GZqJOwqxDQ,101000.0,13138458.0,521.0
효초TV,UCOoLHHnlDOU9yAPs2dcYNVA,517000.0,126338679.0,1397.0
헬스조선명의,UCtuElSetSJ8xdK2cSebqyzQ,56500.0,14942671.0,533.0
장수의 비밀,UCQN8kxyq6a_z0-49pG8g09w,155000.0,112740453.0,471.0
99세까지 88하게 - 임영빈 내과,UCb6Cgi0SEvsMTBGimxCwljg,186000.0,19034890.0,166.0
꿈꾸는 또리,UC9t8Mk-w8TM14-HYY-NakYg,1780.0,3258544.0,146.0
꽁교육+,UCUkx8kqa_15bu0zal8Q9LOA,154000.0,72915564.0,606.0
일등감의 쉬운 레시피,UCjeFmKMYYd1L9Glf-itT-Fg,251000.0,236454705.0,535.0
조이키토,UCYc04cGdZxBYoz2UHz0OzlQ,105000.0,85434091.0,275.0
내과식당,UCDerNvM5IIFh-VU9cOitxBg,7890.0,1698046.0,246.0
건강한편,UCSyKaQuNB-_7gxVtxwO_9lA,51500.0,19290251.0,255.0
몬스테라_건강정보,UCvWKsuLIx6vl8k1GZspSKNw,85500.0,38445632.0,506.0
강동경희대학교병원,UCXqm7gWQVHhY1Qtr4WCLx-A,27200.0,6546553.0,838.0
가치있는 시간 l 가시TV,UC_eiybz8mHFwAPbISM_hDYw,177000.0,43249886.0,1401.0
바로건강,UCq3npB9rQHNWBwJrV_R2YcQ,224.0,189882.0,54.0
라이프링크 스튜디오,UCMdPOgZ4mmP9dtqkXfV9Idg,16200.0,3159636.0,119.0
건강박사 정보채널,UChcKaOl6_9YV-V3EeH8fC8A,10900.0,1646118.0,172.0
건식,UCAobJZodHO80P5sobV6O3QA,1120.0,81075.0,15.0
생활에힘,UC20oX64wFNHbn6zc5phlAtg,7490.0,2366013.0,361.0
건강속보꿀팁,UC3qPrKjRzScDVXWLuIlWC_g,57400.0,38223156.0,332.0
소복소복,UC1qK_tHBz78I1e37WtlctMA,6190.0,15956205.0,438.0
건강이최고,UC9kvK09LjC6aNnjFrk3TxHA,1140.0,878728.0,227.0
닥터대니DrdannyFM,UCPjpZhv-3TPAd3WfGyVR_WQ,239000.0,22355444.0,367.0
건강산책,UC6HvR4IBpokkAX2e21dcn0Q,6360.0,2863737.0,155.0
건강지식TV,UCzDs6GlAZsYlGbd_OUBdjmA,173000.0,24663768.0,796.0
"엄마,아빠... 설마?",UCauEqhT7Zbz-j-ICEgUPmcg,10500.0,3946644.0,66.0
건강하게 백세인생,UCLvgJEvQfTYrGYAMNWAU_Pg,106.0,89295.0,113.0
감자콜라,UC6mKkEHBpIeWVWSG9sK1xmw,40.0,35062.0,34.0
정자동김박사,UCKibxkRZxRFfPlDZLYvEIOA,16000.0,4468074.0,346.0
웰니스연구소,UCe5pDxGm2OC6MnFtcduqPlg,1670.0,1342214.0,1017.0
 쏙쏙연구소,UC4s-ufSZs79r-yi45MZHAxA,220.0,148880.0,118.0
슬기로울 건강생활,UC61z4suxdwrz7BbD9axGmig,594.0,335886.0,271.0
건강과 행복,UCXrVmmYKyrl0QFah2zvr9Ow,219.0,110577.0,61.0
이 풀,UCffwJJt_uor6he91HaDJAJw,1130.0,511511.0,460.0
건강칼럼,UC7ZziCghG_8AK4CxV7kzv8w,973.0,153537.0,91.0
오늘의픽,UC-HK2Oe_gFLNshD0BOrn8Aw,44.0,35656.0,46.0
생활건강,UClwOrCjW-fIRc1FRsoEN-NQ,41.0,44904.0,41.0
정보드림TV,UCzEnYUfzCtqKS4j_h52r6qw,1100.0,252412.0,215.0
알고가면100세,UCThlCDeFnveQCurRuIZKXxw,313.0,120914.0,89.0
픽스팩트,UCNrqGWYLoXyVuA24VrXRXNA,647.0,203147.0,126.0
건강다모아,UC2QpkxeCjO5TzIhyWHKxqQg,15.0,14354.0,21.0
당블리,UCpZbt0qpINpbVDzJF6O1a2Q,422.0,260528.0,176.0
건강청심환,UCz_1NXFt_e-HvZ20Nve6azw,366.0,161170.0,147.0
1분정보,UCIHE3DXQWfvQ9U0aStVQ9-g,12.0,22045.0,14.0
진짜건강,UCeXHi8jDb-QIodY_Aukeu9w,2470.0,2122758.0,155.0
모하시나,UCvKw6pEV4Mw8373jOLlcEDQ,19.0,20887.0,43.0
Newsestj1,UCy5tE-eDnuPt5QIoU3wBTzQ,50.0,148883.0,196.0
시니어 라이프 마을,UCCLvEKtceU6nXFCpJvnQPtQ,327.0,324369.0,764.0
백세건강24TV,UCOnd44YQ5P_FbnmNFdD-PTg,84.0,67466.0,89.0
건강한사람,UC0ylDOhUM6WgTRk5twysJuw,83.0,120549.0,123.0
튼튼시간,UC_8BToEHv9WB1bilplgKgJw,93.0,91856.0,140.0
1분튼튼,UCNYg4GrhwAu_C0ZV0XJ3YoQ,26.0,16865.0,12.0
닥터 살루스,UCIJXye7VhSVT-7agMoZdMpQ,15800.0,1410095.0,228.0
건강멘토,UCv7fhGKtZ5dIcwrOn9-LFEg,829.0,419044.0,107.0
JTV ON,UCZCH_GHFMsFO2hso59kwXHQ,272000.0,181469642.0,25646.0
100세 시대의 건강,UCTE1QMdxE1vKjyHPUM2uuKQ,537000.0,59878588.0,826.0
노후레시피,UC_GBRHyfkOJ2xzgtdzBT24g,1050.0,368455.0,403.0
아프지 말자구요,UCxI3erThUTivbvNCmD1D52Q,2180.0,465942.0,60.0
건강채널 토브,UC7uR-Y6ArYc_Rq_wai2mnZw,1030.0,568697.0,636.0
건백튜브,UC9-MHVN9WkrW94mbQw0QHJw,762.0,209616.0,82.0
아인파인,UC_-ZgLApxc7dg82jD0dd9PA,19.0,33743.0,24.0
1분이슈,UCi-cox-JAYhbP9SRuAzEruA,663.0,871878.0,54.0
지식이와지혜,UC2ofVbkdch5EiX_iuxCw9rw,15.0,33804.0,22.0
힐링마을 - 작은 습관이 만드는 큰 건강,UCAcDrFTL7njtRWyk3ZMFp5Q,167.0,146201.0,244.0
건강보감,UCquKu8jz-YApXIUNVok_Rgg,3210.0,5482392.0,397.0
팩트라인 (FactLine),UC6-8p-fDKU4lxYdZ-VqK2Jg,736.0,675696.0,329.0
주치의처럼 - 50대부터 꼭 알아야 할 건강정보,UCdjGsSNMF_p1HoBHmjRzVow,186.0,130394.0,237.0
SBS STORY,UCYZv9v_bwfMGc64gLRe34OA,1870000.0,2530431511.0,93189.0
퀵선동,UCTgG-08G1akq6Twmeogtyww,31700.0,0.0,0.0
곽튜브,UClRNDVO8093rmRTtLe4GEPw,2150000.0,672338137.0,444.0
윤보통,UCylKR-G3O_BQVui2Pxrpciw,85600.0,42819151.0,684.0
채널아하: 채널A Health & Asset,UCv7HX-7ctqTH4cXxT1nfrIg,756000.0,885688987.0,56006.0
채널A WORLD,UCU1ddYi4dCO4d1k7mNOEg1w,1310000.0,1276167267.0,17730.0
닥터프리즘,UCJ7xgRkuwh3uSnQ7CvrznIw,105000.0,103385922.0,994.0
세바시 강연 Sebasi Talk,UCgheNMc3gGHLsT-RISdCzDQ,2200000.0,615060830.0,4051.0
서울부민병원,UCGvEE_C5SVxXL5qW0_UhZqA,31400.0,3587797.0,271.0
MBN Entertainment,UCYyLIlOJyqkAFKlVjzX5img,2920000.0,3347460430.0,108284.0
기린성형외과 Girin Plastic Surgery Korea,UCPlK0qkeHd3LWhWeitUvZLQ,6720.0,12731890.0,478.0
옌마드Yenmad,UCAVIfs9U_yhPL234y2V2e4g,350000.0,43522431.0,227.0
산소형제TV,UCdy3v5Ftz5LutQXzb7v12Dw,123000.0,39718847.0,964.0
"BS코아이비인후과(서울점, 인천점)",UCTI8WMQnAyN40dESxb2k3Cw,11.0,116.0,2.0
내 몸의 호르몬 밸런스,UCT5EvzuUtzKTVpzNPeQ1eKQ,99300.0,10818453.0,64.0
건강한걸,UClVuidK3o8yjaeud8XK-B0w,6070.0,2396386.0,96.0
일지의 브레인TV,UCX7JS79iJ0AjpeP_21SpD3A,287000.0,41992277.0,1184.0
건강되찾기 프로젝트 | EMS 근력PT,UCX-xku_pieGjA-PAxP02BIA,276000.0,18245158.0,214.0
마디세상병원,UCBIudY8IVbDQ99VWavdkwjw,15500.0,2519756.0,375.0
건강한 하루,UC4iSYAD44__BOG5MDuksOgw,11500.0,488276.0,114.0
실버라디오_노후건강_시니어정보_노후지혜,UC7YpVJjhPta4sJcvGUutM_g,332000.0,13616246.0,76.0
황금기 지혜,UCqSXDiYaG--3xfVxu2plcQw,3530.0,6224587.0,254.0
으른건강,UCMrAhIUVOfXU1PDbAxvyMDQ,9660.0,5629824.0,217.0
박미경TV,UCqkpNJhqVNLECwRQYSiNFCg,141000.0,20946998.0,475.0
에헤라 티비 : KBS LIFE,UCXx2Pi_w-4_-U95ksqOY7Cw,534000.0,311607999.0,16423.0
행운의 신,UC0YkY7cIIBOwC_ltxeis-rA,58000.0,50394392.0,239.0
강북연세병원,UCUjLTnftBc1ju9R6hah1lsw,99300.0,9085920.0,589.0
진액보충 김상태 원장,UCwB7x65UzJSTYLBJNd3-Wbg,91900.0,7613424.0,209.0
이정표의 레그웰,UCsTUHZ_9JclqkGYTrdZ4VMg,71300.0,27573169.0,449.0
든든시니어튜브,UCq6vQfka5H5LkJnXjWSfpNg,954.0,562656.0,72.0
칼슘박사 SEAN LEE TV,UCtRWy3cUbUEeO6ZXALcle-g,275000.0,32392007.0,1821.0
물리치료사 pt종환,UCN0JtoxGNpDbhFWK9RZ5zKg,84700.0,12041597.0,564.0
김범수교수의 발편한세상,UCwyQf2cWzx1xm7JWZrXcnUw,153000.0,17672727.0,164.0
더서울병원TV 관절건강채널,UCsvOV6i6e8GogY0MvYmgFHA,10500.0,2734953.0,540.0
건강 똑순이,UCzSlgj4Ja1SmkCmTyujDSbQ,79300.0,6418961.0,539.0
척추관절 바른TV-연세바른병원,UCWk_4bcnHBfO4V2syOOgo5g,14100.0,2578790.0,180.0
늘봄이야기,UCQD81YF8IA81ij44_4TaeVQ,926.0,1519092.0,101.0
솔바나,UCzxcKlps6XzIxaeHPWtgONw,8680.0,4547.0,10.0
내귀에닥터,UCVYrNBxy9BiRseD5EtZGTng,25900.0,6708525.0,362.0
용미TV,UCTSs1Har33wGl_TarzLDVLQ,204000.0,112891438.0,1630.0
건강중개소,UCS1HRz7vo2lTibtYm_AkuQA,6860.0,1958144.0,143.0
시니어_오늘도청춘TV,UCNYMcUmX4RRJazPXx9Fz_Pw,6690.0,2034842.0,57.0
한국인의 건강,UCgXALihpISmnxe7FDptwvlw,39500.0,7547471.0,1321.0
지혜로운쉼터,UC426PCjjB1abQB3HDJnmc0w,4440.0,12089723.0,326.0
건강이 먼저다,UCBouXMXobemYok8KSknjYcQ,3990.0,1554891.0,63.0
건강하랑,UC95gEu4TbYtWdotNQiy79VA,7460.0,1573178.0,148.0
하늘마을 힐링센터 TV,UCAjG6hYW3bTQIhNMXRZrrUg,238000.0,26048349.0,1822.0
행복마당,UCxT7ySNWNJUSNklv74rwM4Q,6920.0,16585845.0,439.0
에이스병원TV,UCPhi1WPG_wIprnm3dovafKQ,4890.0,1412979.0,340.0
시니어백세팔팔,UC2Vprey2BizErpMF4pzqbxg,45.0,15138.0,5.0
하루한알정보,UCFRbMbuuUm4YeKI-Cs60qUQ,4790.0,16107621.0,1145.0
무병장수-백세시대에 건강하게 사는법,UC0UjzjXzKoYUth4alccbgrA,992.0,337274.0,82.0
하늘건강법,UCEttTSLfeio36ivrj_qMupw,437000.0,89760651.0,2774.0
나만 알기 아까워,UCYPs4vQfDMYC5gx9t-V7nAg,32900.0,10705344.0,232.0
건강한건강,UCACPQR75AlioVlm8Ns9uvGg,43600.0,19863749.0,132.0
보고듣고,UCEvRuZ5Pt3pyAl6yHQmrTww,1080.0,515007.0,76.0
아시나의 아시나요?,UCsqzpCoR7f4wQa_P1DrcFmw,64.0,199735.0,72.0
시니어건강톡,UCyglD8pLUqDXyJBKhWqByGw,617.0,480906.0,73.0
건강은,UCovDqce-7CtpfRemEtOl5dQ,136.0,62558.0,53.0
하루한입 건강,UCBUWUFyep-Q6B1Yfshsa0sw,52.0,25701.0,22.0
온 건강TV,UC_kshBNtjfaK3Re3N6qW0Qw,186.0,119749.0,111.0
생활공감,UCZO_Joy4jK2bRsYPbpibqng,244.0,75978.0,57.0
척추발전소,UCSfypHUZQ75zk099rEeHbYQ,1040.0,476546.0,197.0
의사의건강메모,UCbQwLTT2_Hi_XEFkgcWdFKw,2610.0,282466.0,505.0
서울본정형외과,UCoAda6OI98KBVJ4jR9MgFbQ,1330.0,249217.0,127.0
백세건강 연구소,UCCDWNqcd9UeCyq5rZuSICfg,143.0,40043.0,24.0
가만있자,UCfEN6JS1gZovAglW0a9lIKw,196.0,155794.0,132.0
아무때 건강,UCEmTcITYdh8nAlIYgHj61aQ,108.0,70434.0,49.0
오늘정보 ON,UChtcJWXb6wCUH8igEJdit-A,22.0,25440.0,34.0
구구팔팔 시니어건강TV,UChxDoNnliAKq2PhtjRE-o0g,3250.0,901033.0,227.0
가정의학과 의사를 말하다 [대한가정의학회],UCy5gh9lBIWFCzTm7N4dAt4A,49100.0,1021141.0,770.0
THE 건강정보 TV,UCbmzjMQyH3Ojo8fZW2odV9A,141.0,356786.0,253.0
"시솔쑥뜸TV: 얼굴에, 무릎, 허리 아플 때",UCyKRkGDqcppRnx65x6XnhCg,916.0,81276.0,103.0
시니어 건강 한방,UCUs8WXAAILVly1G7CY7ea6w,186.0,73726.0,43.0
건강전도사,UCrwLHCjy23RnHdB971ZNX5Q,47.0,37936.0,32.0
메디 똑똑,UCg-qsmiDPYWT41eNmS9rp1g,16.0,7172.0,23.0
건강20분,UCJDTPh4a6_UHtRqCkLaYXYQ,62.0,39961.0,33.0
팔팔건강TV,UCYO1rrLjQuHecXU60C0rcqg,22.0,12949.0,11.0
보험과건강365,UCDinbAFSZm5S0-dG7Rfj9fg,6.0,6592.0,8.0
건강한 앨리스,UC54rfVrHH5_DYwnSlRERCBw,90000.0,15365501.0,786.0
닥터U와 함께,UCDxgrjdpI7TWVf1G8uJOztQ,542000.0,102897452.0,914.0
대한내분비학회 Korean Endocrine Society,UC--LPTaN-a1IyZxQBuY5I3g,2840.0,216645.0,59.0
이학민의 가슴 따뜻한 이야기,UCUnV1FVWY3u92tEYGqy17qA,222000.0,39039656.0,3067.0
건강특공대,UCRwQdpT_rMXuM0XTcyqim6Q,77600.0,62098946.0,550.0
이비엠TV,UCNFdpltG4ICMdPeSB5IkKUw,14800.0,2818869.0,795.0
남상근의 정밀진단,UCJz36tAPCQhjsNaDgBeCBBA,4090.0,1253460.0,228.0
아프지마쇼Show,UCZ6zsPopufKzv6Idx7qklTg,173000.0,17884185.0,828.0
안양 생기가득한방병원,UCvX8qaOYCnRkWTsp_XaHLvg,3580.0,741066.0,198.0
살피다 몸과 의식의 미래를 묻다 with 닥터지노,UCFlNbBTPi8uQJbKkpHI50_A,244000.0,38095052.0,1393.0
건강 9단 - 하루 건강 정보,UCyw5cul6Ge3pUlq0d1Hdq2Q,8600.0,2841465.0,293.0
반드시 갑상선&당뇨를 잡겠습니다,UCPueyKnH5UZ2RbdDUEKvp5A,9120.0,3541104.0,941.0
차병원 CHA Medical Center,UCHDoVNV6NkgjuiCyLIMmdqQ,49100.0,12671704.0,625.0
순천향대학교 서울병원 'Human Love',UCgB_omRgQ7Mot1S2cLke_pw,16200.0,3324393.0,595.0
서정적인 하루,UCeDdTbxGxbOlYNDHMCDzPVQ,301.0,104952.0,10.0
대전강남한의원,UCNvnp4Iaav5ypZaGaaS0ynw,29800.0,8734061.0,2286.0
광교 휴내과의원,UCb2nSnOVFmd2ziYz9QXxPHQ,29500.0,9898524.0,328.0
친절한양약사,UCPIVLaGuPoqLPeM-S9paAZA,13200.0,1313111.0,443.0
"박동창의 맨발강의Dong Chang Park, Ph.D",UCLMjI667RlqJYmDq7xktwrQ,33100.0,9689341.0,1603.0
미즈메디병원,UCFQCzg3NeBGziiiwBncgaow,1450.0,885498.0,249.0
에이치플러스양지병원,UCmRazrSNsRnp_pkMCQtCSDA,4600.0,1597038.0,686.0
고려대학교 안암병원,UCRNjgqCeun9fAf3ifbEE4kw,11300.0,3412231.0,600.0
청담우리동물병원,UCrcOQ17ToaezHar5lp4iH6w,10400.0,2935647.0,711.0
육아닥터 김숙자,UCCRv5gQJN12OPF2wr467Wdw,22700.0,1909781.0,216.0
건강우체국,UCJIkgKXNj8wYq8wUijN_Vgg,9130.0,5375651.0,350.0
메디컬티비,UCEEKjWxonJAc4rWagrvMRBw,22400.0,2858426.0,747.0
백투에덴TV,UCoZihnVnmw1tMsXOgw0C_Pw,137000.0,19008379.0,2618.0
닥터BTS의 유선방송,UCwumnYuvftvHHQcC9A3EexA,12500.0,1647348.0,786.0
속편한내과[돈암],UCZ_4jUKRSMm9UehOUTtAnWA,21900.0,3843713.0,303.0
서울배내과,UC7XffhvDWogkeBiGlAmGCSQ,285.0,73135.0,38.0
건강백서,UCJvJGhUzA_CwLBV1uC_AuBQ,12200.0,4831741.0,116.0
서울성모병원TV,UC7Pm38RNyeJO_h-7t02CmpQ,62000.0,9083393.0,1229.0
조병식 TV  ,UC7ao0lINwQUCVj0GGQL_i7w,128000.0,12007710.0,1232.0
윤샘의 강아지상담소,UCh3Ru0NRYVaUfsSG7LPJ11g,100000.0,18732775.0,1168.0
장덕한방병원 갑상선센터,UCoR9IH4TDBC-wnWMdaNi82w,5690.0,1409174.0,143.0
건강채널 민트TV,UCySY2OPx0a6dwa-VgF26Hog,136000.0,22889968.0,893.0
닥터매거진,UCzwcGZyU3RKt8-uOBExQD4Q,7040.0,488191.0,141.0
홍약사닷컴[홍약사TV],UCLMVvdB1Norgv1rnUzelj9A,15600.0,1629177.0,40.0
가톨릭대학교 인천성모병원,UCndEg_pGTZ4LzpA5AxgEywA,15500.0,3987361.0,407.0
웅선의원- 홍성재 원장 탈모교실 (웅선클리닉),UCKQpa6Am_xj9zrZ0gFBEejQ,8720.0,3012673.0,228.0
국민건강보험일산병원,UCgbUsZP9CQoYjlB60zazJMA,11200.0,1629779.0,547.0
안재현약사 시즌2,UCxmHfef_pqE8Miwt78D7nNw,47000.0,6578989.0,108.0
지식쏙쏙,UCShdlEM4lgdISyFL5TwA9wA,5810.0,20130425.0,206.0
갑쌤,UC3qBKLg87X5Z76YD4VfaT6g,900.0,89206.0,30.0
삼성미래여성병원TV,UCnFyOP4gL1N0RGbjeLxp4vA,261.0,95606.0,31.0
평생피부과동물병원,UCienufA58kCLQ1kEbbZnn6w,7400.0,521181.0,239.0
건강을 전하는 아들래미,UCaEO7uNoiHh7BzfoaiW5Ypw,46100.0,20020384.0,1428.0
세종성모내과 당뇨샘고고TV,UCodZnLWRHScBpXfBWoR1lYg,529.0,193003.0,73.0
헬톡멘톡,UCjmXQWRyol_sO0lPxQnTtiA,27900.0,5617016.0,238.0
다이어트 꿀단지,UCI-FNmGvhifQNdu6Qp0jZgg,2710.0,1475149.0,522.0
희망 ON AIR | 서울IVF여성의원,UC4DCjblbxPRgNNJCIVTpyfg,722.0,548641.0,188.0
봉생기념병원(Bongseng Memorial Hospital),UCCtY2vOb-lSUPzGIIFBxqKw,89.0,20862.0,13.0
건강한민영TV-건강정보 채널,UCAgi9nSgqrJlnR13I25vFkw,2780.0,615630.0,513.0
신의손을찾아서 ,UC00cv04poeY2uZB1Axh60Zw,41300.0,14644089.0,5517.0
행복한 건강라이프,UCC9M7O0sA1SopHkpn9Fv8Uw,279.0,109463.0,55.0
Kim nayoung,UCZvTov7ffyH34GwqXR84rGA,367.0,27416.0,6.0
탑스동물메디컬센터,UCtUdZ4B19qa-1T6gpbsZSsA,9330.0,476153.0,175.0
참하지외과 CHARM VEIN CENTER,UCiHlyAgWpFxsedbIkTLtV1A,63200.0,2750156.0,549.0
찐의사 tv,UCqOV46Db6cwPQX7bfDDi1sQ,51500.0,28886642.0,329.0
울산대학교병원tv,UC8ROuDBSY2ZU5Vn-67dvLyA,11100.0,2222521.0,806.0
유앤미 [부산 24시UN동물의료센터],UCneAb2mSF1zH_m8Hj0wRdtQ,4640.0,2490628.0,570.0
송도 이레한의원 ,UCLxTiPpJ0wZVo_L80W5Lwxw,2030.0,774202.0,241.0
슬림핏한의원 [슬림핏TV],UCQzoYpMhezMhuUlLQR-I_6Q,697.0,96648.0,48.0
여행은맛집,UCY9cur5nQ5YWk3zExEkfGBQ,1720000.0,304964357.0,1660.0
"정말의 유쾌,상쾌,통쾌",UCbaD8k70NxThvUt2XLXD4mA,16300.0,43314384.0,1349.0
필약사,UCUU_hX437ex8Dr9hU_4-H8g,3580.0,4535935.0,23.0
JTBC Entertainment,UCFL1sCAksD6_7JIZwwHcwjQ,8200000.0,14213299204.0,94261.0
기역,UCaukJS52o7NLChYNUNC1RpQ,110000.0,17275341.0,2049.0
노약사의 건강채널 DNA,UC8nAfUlReZ1hN3W3iegdzhA,6050.0,1153273.0,105.0
인제대학교 백병원,UChfcuaBEA0UcVp7D8OcBCPA,21900.0,4754951.0,560.0
건강보약,UCnE6V3qIk_jXP63kpBthh9g,56100.0,7932214.0,183.0
나는 건강인이다,UC8LLUWY6sIMjJHkfMB4hTsg,8780.0,3295264.0,254.0
"성누가병원 -정형외과, 치과, 내과, 한방과",UCl7kAMQFIj1NbE2bcnnlfWA,20.0,7750.0,15.0
KBDCA 한국혈액암협회,UC20TsL1C5nhfcAx3JlgkZLQ,91900.0,9322387.0,558.0
김대영의 혈액사랑,UC6L_XOUyfquTrTPx70Awzvg,18400.0,1791529.0,312.0
금빛인생,UCVsKlxsPa-11aWKgEHoxQlw,52300.0,19408717.0,217.0
대구파티마병원,UCxxSmlafCXyS2RYcVBqS3VA,4510.0,766350.0,333.0
닥터김 능인테라피 Neung-in Therapie,UCdpnpnJWsEindGWTVO20ITQ,66600.0,15695788.0,490.0
MBN News,UCG9aFJTZ-lMCHAiO1KJsirg,2560000.0,3659763740.0,261871.0
24시 루시드동물메디컬센터,UCsEyVoSki2DcMUaeJCk6jHQ,35200.0,17834913.0,828.0
끼르마,UCI4mU2O8gVUTf5Vi5ioZdJg,555000.0,348750964.0,97.0
낄낄상회,UCLVwgJVAzHwA-zv88mrAeZw,2130000.0,1489178741.0,2100.0
예랑가랑,UClUE7d0UQ7dhLjK1r6xpG9w,379000.0,355957548.0,1228.0
상쾌한항외과,UCsQIBCuoVJfdOBAMFK43U2g,2410.0,1078924.0,47.0
정세운약사의 건강나눔,UCctEd06iXdezL1UBCWuxkbA,91400.0,19557783.0,567.0
누룽지nooroonggee,UCobK0Pss6OXsWC1poLAb6Zw,27500.0,16759292.0,337.0
폭간트,UCszldUWUiNaoDoiEZP7uWgA,284000.0,56317459.0,271.0
의사TV,UCNiTvDUeZBeTVD9ZSHxljVg,8870.0,3387392.0,446.0
어디아파?,UCfaMDla5C-y8YvJl87FLx9g,835.0,1065066.0,254.0
뉴고려병원공식유튜브,UC_8u752emktPchD8eSpYVNg,34600.0,4548657.0,466.0
centum중앙항외과,UC5NWUYhv9Y31ESOqmtsJ_Uw,2600.0,581641.0,104.0
서울지에스항외과,UC_2NpaGgp1Vq55_Qz6klrmw,1560.0,886244.0,122.0
엉덩이대장,UC9edpoLHphgnYGVR2bJ39ZA,12400.0,4859063.0,756.0
한림대학교의료원,UCI0j3C_mplvQZbs3wisoKWQ,70300.0,7051273.0,636.0
세상을 바꾸는 지식,UCfVZh5gS9STqh9IoT23EJ-g,13200.0,3255893.0,460.0
약먹을시간,UCqVSdG-60bwOPifXnhtZ5Vg,20500.0,6311081.0,356.0
"대장항문전문병원, 한솔병원TV",UCvtzzyCpZLxIrT86qegSjxA,4340.0,1409364.0,246.0
응꼬형,UCziD567hCcs0adzB1uaeGUw,25300.0,7596106.0,113.0
외과의사오세헌TV (서울아산항외과),UCLofzxZxuSQV0Som_vlDBfg,1920.0,854678.0,258.0
시기월드,UCZq5L4eCBo-XUQL_5PwVGtg,73000.0,60954570.0,883.0
하이닥터장 Hi Dr. CHANG,UCWllagQWE4BNPkIttKFivfw,2960.0,1480829.0,262.0
KBS Entertain,UCK1sVuXaDvJeNwl9noN5nOA,5700000.0,11017518809.0,137874.0
닥터 윌리엄 킴 Dr.William Kim ,UCNK1FWLykRsQrs5w2sB-Uow,693.0,196291.0,34.0
CBS 경제연구실,UCmcSbRX1q3c0XDeI9HeXfFw,157000.0,50400984.0,2911.0
TV웰니스,UCMnQK342qpb2tTAvuuw4faQ,4260.0,2044168.0,864.0
초꼬약사 TV,UCq05xbcmAfwDRmy7nJWlnVA,794.0,0.0,0.0
은근 관리하는 남자,UCQLtaZ4Z2-CDiTUMBZjAIQg,90.0,0.0,0.0
치질대장,UCLjSGEDAbd9fa76Qcbb6OeA,411.0,61614.0,12.0
365일 내 몸 정비소,UCH8o550qVEoVJcWg8DqNFIQ,1000.0,899033.0,294.0
이안요가,UC0D9aZ2vfumVkJ4L8UGKcUQ,6790.0,930087.0,511.0
약드라이브,UCCGR6u27kI44_VWM1FJa7mw,11500.0,1653311.0,650.0
wanda show,UCxn5dnAyRQsN0FJF2YaRqfg,78300.0,31395950.0,624.0
일동제약 그룹,UCptOgDFSSKYm-bHl7ijd8Lw,14700.0,100047062.0,408.0
봄날의외과,UCktZvq03C8DjcX-k3cUSiVw,1730.0,1070416.0,268.0
생활건강 연구소,UCCgAM5KsLC_vafz8aY7mhRw,843.0,392403.0,175.0
치질보는 한의학박사 모사언원장,UCpvEVDxXeNAXAOkGOJkj4GQ,6690.0,3651245.0,356.0
우리동네 외과의사,UCJvBWT-zg47haInCbShXJfQ,1990.0,1314773.0,141.0
백발백중_닥터신,UCm5d6y-Ac0M_cJXM3sFkklQ,581.0,272378.0,80.0
로이투데이 RoyToday,UCqj2X6-SgSU89hvsVRoHSKQ,2560.0,9090050.0,78.0
약사 이진수💊,UChI75Y3NwT5uO0AxKmxwoOQ,37600.0,5011094.0,480.0
엄마약방 Mom's Pharmacy,UC4PZKlIBmetTLnSzE-YeGgA,28700.0,5564369.0,240.0
실버피디아,UCBAzgQnAHJz0n9BP3TdrwUA,254.0,67996.0,34.0
수지항외과,UCRuxtBUiF43eoDiMa9zTi_Q,575.0,115425.0,75.0
기쁨병원,UCYFrBcSAgOBG_Burfld2IEw,136.0,96424.0,109.0
서울송도병원,UCVd6K1xLwmLJXfMai4pOMRg,5630.0,563693.0,91.0
대장내시경은 역시 서울항외과의원,UCmrWv9Q11TN6_1q0lFKs6tQ,1860.0,1165656.0,257.0
건강넘치게,UC0mNGNF-H2z0CguWd1kyo1A,10500.0,6402649.0,242.0
서울대 보라매병원,UCUEoRTcgmZbaHY9BGw_iduA,18100.0,3822640.0,763.0
연변마델,UCV_Fz5W3qmqNjZ33M_5Otbg,410.0,188690.0,149.0
꼬기약사TV,UCpEM0jIBULQRmj0qWxEDkTQ,3510.0,554705.0,181.0
백세역전,UCjUP7bQjLrtwvGudhiWacGg,3790.0,2126020.0,446.0
강남맘약사,UCLqYEpr4BldvOFIwHLdRinw,1260.0,679681.0,148.0
방외과,UCedONBcTOyfNE2CFadgIhAg,863.0,734498.0,297.0
장튼위튼병원,UCqPHdBPg48So8VT1Nt4kzVA,5890.0,1503249.0,185.0
더끌림산부인과,UCYPiwyWGi-jbkpBAyQnYZSw,125000.0,15870391.0,1553.0
"아플땐, 여기요!",UC3AZewuRmVlRxFIMyG0UL2w,223.0,209311.0,169.0
Ko원장의 우리동네클리닉,UCuO_CRpHhFHTJ9QsHBui_cg,120.0,152892.0,57.0
어떤약사,UCpY0_3SqKzxttWPaptnkBfQ,93900.0,42874872.0,375.0
EBS 평생학교,UCFY00fEqAgrWQkIPsxcQ-Ag,244000.0,21816099.0,1753.0
프리로와,UC6dVHYxLnFYMuV5i_XcsW9g,48.0,39009.0,2.0
나디로 Nadiro,UC3xoOtpwVYAwmaPa7iacUAQ,12100.0,5778675.0,78.0
임기동TV,UCFkuBkOmO2rNxeIIqI2ycFQ,74500.0,4865930.0,55.0
노인 건강습관,UC51ZcfIoWR-FQR4AOLQ4Z1Q,60700.0,3706080.0,95.0
의사 박성호 TV,UCE8so1aSJDB7k_YRzHzTsng,18200.0,1190259.0,68.0
내과 의사,UCh4UrV4YnfU2irADtPXmjbg,3100.0,385222.0,154.0
윤샘의 마이펫상담소-Pet Clinic,UCckoQzWfBa5l3EK9AcCpAhw,310000.0,103484074.0,1605.0
시니어 가이드,UCcibY0ceQKmlz6eOkOLx1Ig,27300.0,1113212.0,115.0
이준호 교수의 전립선TV,UCbDRS836bSyIuLF_-Fx0FtA,33000.0,4413964.0,71.0
MTN 머니투데이방송,UClErHbdZKUnD1NyIUeQWvuQ,1160000.0,1852056916.0,99850.0
Olympus Corporation,UCQ6vVtMNJdP24vePHQyc_3Q,40900.0,12534223.0,440.0
유웰의 쾌뇨드림,UCakdT6MrZrDTXrbgnpZtV_A,12000.0,8299550.0,671.0
이지약사tv,UCCMFTDGarjgZLc1DlIbbvRg,15100.0,7440785.0,186.0
YTN 사이언스,UCZdBJIbJz0P9xyFipgOj1fA,850000.0,717798204.0,57137.0
휴먼영상의학센터,UCN7WDzJaGlKOdpEJydjvIrQ,21600.0,7448079.0,452.0
압구정 한강 한의원,UCRDk3chhlHrgAWqBO4DebYA,26300.0,795429.0,13.0
비정상토크,UC7PnJvFZMMzzlA_H8f8sE6w,42800.0,18473602.0,1058.0
건전한 비뇨기과 김교수,UC8Ex8wef6nSAVq_nX5S_yOA,23100.0,11832788.0,390.0
연합뉴스 Yonhapnews,UCj3_t5p4L4aFsvdW3uHjnnw,1120000.0,3397847394.0,48048.0
닥터곰의 비뇨의학,UCYplIy-YGoImTetS7wvjDLQ,21400.0,8970086.0,266.0
대구MBC뉴스,UCNbYt65wiTchnxD-KNwXsAA,268000.0,197351618.0,48470.0
교수출신 지안비뇨의학,UCxxs0eCXYFrXBNa6LzUOuJA,1070.0,282115.0,28.0
보건부대통령,UCg48B0Ap1Hq4OaDUIQxO8GA,51800.0,3443.0,0.0
가톨릭대학교 은평성모병원,UC3XbKlaAfC4SHGqWDLSCAlQ,7410.0,3141206.0,469.0
Life-CuraTV,UCnKXp1j86AxQ-K8AJK6RSJg,1010.0,336568.0,59.0
스탠탑비뇨의학과의원,UCKCjcxPSWZI5FphdM4SeqyA,71700.0,3856415.0,486.0
오늘도 건강해요,UCQJ2yYHRCbN9eIRD-25CFqw,15600.0,4152393.0,156.0
메디맵,UC_IZTQQ7ScSP9oKbrDb3pMw,13200.0,4236403.0,218.0
한국전립선-배뇨관리협회,UCsgWOQ8EBXEZsDnosCBFUhQ,8050.0,1115776.0,59.0
서울베스트비뇨의학과,UCVMuRkZ6XQ1GVbo5iP5NpGg,9400.0,1664603.0,281.0
즐거운인생,UCg447r2NZBXY8QK9zqtckYw,225.0,64060.0,44.0
서울리더스 비뇨의학,UCk-mv740WyfLRz_h0zFZN0w,3730.0,625944.0,161.0
조시완의 비뇨상식,UC6j4uKFO7XbschtXL8zHciQ,3680.0,1498703.0,134.0
한국보훈복지의료공단,UCzU1v5rL8paTs1herRUgOTg,19100.0,4287924.0,231.0
 경상국립대병원 현재석 교수,UC7UOimeHWsyfxQZ4QQjj5oQ,962.0,83311.0,65.0
좋은병원들(은성의료재단),UCLHurAwVsbPxmqzctFvUKvw,29400.0,12421426.0,966.0
부산으뜸비뇨의학과,UCmePwo5fKtmuFW3zR-QcR9A,4.0,78539.0,4.0
강동성심병원,UCehO5y65MjYECdm-2qdQVXA,6300.0,1890950.0,565.0
퍼펙트비뇨의학과,UCTwNjFeesaSAJLQzVCihPWg,1490.0,466361.0,178.0
한국경제TV뉴스,UC7cF2ZYvGm_zgrX-xCV88mA,215000.0,196067007.0,15252.0
쉬가쉬워지는동신TV,UCAI49R7ohD9UK-x11wEIDYQ,381.0,95367.0,66.0
나인비뇨의학과,UCTnLRNXFlBKZiqIa0Fr1zkA,11300.0,5417634.0,219.0
60세 이후의 사랑,UCUyGAq_q-jG_sxPC66UKqMw,44200.0,2002489.0,80.0
존슨쌤과 닥터J,UCETGfTfisEAHlSFhFZBIvOA,1200.0,109646.0,30.0
서면엘비뇨의학과의원,UCFa5ROmXOOl69crVViwtJDw,8370.0,252661.0,158.0
노인 건강생활,UClhj52X70HsTyKlWb4L9HVw,5230.0,0.0,0.0
메디팩트,UCqiFgJzvZkTLpHpvdyGTAQg,851.0,541164.0,782.0
전주 스마트 비뇨의학과,UCxUUDJ3BIEh3UhMJk2Cdgsg,787.0,50519.0,57.0
전립선케어클리닉,UC4-KhTeJ4eXBycOAkDpda_Q,3.0,211970.0,38.0
구본강 원장의 대체의학 연구소™,UCL-A66kyqYc1H6WEjCfly_g,7580.0,2512258.0,717.0
비뇨의학 TV- 이웅희,UCGFMlJcTiThlU379QG1nTJQ,36400.0,9874169.0,856.0
성랩,UCqDF8HbUwlhRYrt377M-TmA,34200.0,9071073.0,155.0
김수진 박사 – 시니어 건강 TV,UCST6_7dgcUoATAQkku3lV2Q,5840.0,432038.0,109.0
시니어플러스,UCVDuMotMsC4IfBSM-Q9fGVg,314.0,106592.0,110.0
비뇨정보 | 메가 UDT ,UCAEOZDiwoETG76thNvRP5dA,394.0,126348.0,56.0
경희열린한의원,UC6LRCA6vObo6RLTfs_PL0_w,702.0,381681.0,155.0
강남성모비뇨의학과,UC0FzRNZwMw0XOhHg-PI1rpA,490.0,164322.0,69.0
생활건강TV,UC60e4j7LVEFzLSSgt2DZTZg,7160.0,950116.0,253.0
Begin Again 강남세란의원 (Seran Clinic),UCjkvA1Md--BRIo7NZ4q3LCQ,83400.0,51178536.0,1519.0
여의사의 산부인과 이야기.,UC-jDMqzWRJj16_HHyi4OX1Q,153000.0,37071964.0,527.0
셀코TV / 잘 먹고 잘 사는 방법,UCQOxUtjZJAQpxCIqBgfoCRA,1000000.0,187071997.0,2245.0
루다 테이블 Luda Table,UCFacbDFmny-7iNdIOdb5mvA,649000.0,293908283.0,871.0
다이트TV,UCt47YAMSlEhiQQweNgzVfMw,36700.0,59418761.0,720.0
두부우,UCkavWA4JMTdOKfLr1Qilx8g,125000.0,619923696.0,981.0
지남쌤 스타일 Jinamssam style,UCMkDjJA9kZp1rd1lkQupkTQ,194000.0,119471880.0,1262.0
마음건강톡톡,UCsrOotodEyP5hpDpTUIR7qg,283.0,103702.0,251.0
고은언니 한고은,UCPFW9tE-hAuyR4037csZAqg,128000.0,40530768.0,70.0
강남세브란스병원,UC2X-J8DfM9Mqsnfe0pP2KsQ,43400.0,10304479.0,697.0
시네로제,UCDgE7r7gQCmIBkjB667H6JA,1460.0,12799408.0,149.0
피부해결사 퓨린언니,UCkbxbOQkacvOGyDHuCu8_GA,82400.0,17540173.0,677.0
OBS뉴스,UComhAmtkBwTPF_PvwN8Gc6w,353000.0,538991193.0,79250.0
산부인과TV,UCiw9dntXm3XiM3yqv6v6D6g,414000.0,164747694.0,1743.0
심신활가,UCJ0MCeR5VBFSeEkdi18FHWA,27200.0,13149175.0,315.0
고운얼굴,UCu0x8iPrd5Z18FSpnQho9Wg,3220.0,2677797.0,10.0
비타.성유,UCNjNVoTQJ1FgQJWNbrQI0QA,3440.0,2959084.0,66.0
살빠체 : 살빠지는 체질,UCXdiVIF47obg_2RodbrMI9Q,29300.0,3444637.0,82.0
Dr. 毛王 참닥터의원,UCGIczl7w6w76lxxjdYRdxdw,127000.0,6393155.0,945.0
넘버원실버TV,UCCkErc7HgOfYUqG-tuOrY1Q,333.0,216160.0,33.0
"맞춤주치의, 닥터JM",UCnytxIobBmUuWf1kf8GiX4g,13900.0,9632969.0,730.0
산소약사 TV ,UCvK_ar94josSbAF3rmU0rCA,7650.0,2647221.0,161.0
SBS ,UCcOYEm78CpaZQvPE6LtoSeA,5820000.0,7808068295.0,35616.0
트리니티 TV,UCrFfWcx4-JjdWhcnDPTQNLw,9280.0,5697021.0,579.0
모형진 의학박사의 여성의학_포도여성의원,UCbwjsGVarAs3dYdwswpICsg,2100.0,321571.0,217.0
여성미한의원 조선화 원장,UCoDYSo4ao33sO0ySuJ4at_A,3840.0,3245313.0,1144.0
실버밀리언,UCcFfideLERu204CxcCnOlKg,56000.0,192401062.0,1400.0
띠별로그,UCuVf3-QPx0IEKQ_Y9dbKxAQ,1080.0,240460.0,59.0
공감진료실 여자인한의원,UCV8CmO-XMizbtO-HhyDUBiA,637.0,193712.0,133.0
광자,UCWvmKOi4SOXu9l3LDw4S3aA,150000.0,243192199.0,1168.0
이경희 TV,UC8kd0NdrjnZ2Ka2steSnsSA,54000.0,10423820.0,528.0
"우리동네산부인과, 우리동산",UCpgoxljexZ23-K5dN0-6hVA,380000.0,148879284.0,783.0
계명대학교 동산병원,UCSRRcCXe1pAFVzIafoMae1A,6480.0,921772.0,378.0
프린세스산부인과,UC8b9Xrb6mnMFMPv3pzCPjTw,4720.0,1669591.0,124.0
에디케어공식사이트,UCNwRQVCTSXB9j9QdQ9cPdIg,39.0,13911.0,4.0
배꼽한의사TV,UCo3x4w4LQl0sA2dgGlR0KhQ,359.0,243565.0,104.0
유로진W,UCdDLZgkVc2KJvq66Vs4tHqA,34500.0,17071003.0,740.0
포웰 비뇨의학과 소성민 박사,UCRE4rr7ag-f9tVkz2HnEGug,1920.0,344392.0,61.0
아나프게,UCRTI6omVPwdla46Y43A9bEw,198.0,593202.0,426.0
명지병원-MYONGJI HOSPITAL,UCIRVUrwZPuVL05S9uBOpx8g,35500.0,3424852.0,644.0
몸이편안하니 ,UC9gxwX8JWPGConRI1rW75Ug,20200.0,5233810.0,582.0
광안자모병원,UChaUAswFva6Y-RAbt6Wywkw,8330.0,7761425.0,457.0
성장인(강남여성병원),UCITxtdTTo_ZiAmKGfbwSoBg,6190.0,1653659.0,255.0
뚝딱간호사,UCuTzXr-UG6lskwAL_6ZpigQ,512.0,626158.0,210.0
서울미즈메디컬TV,UCdl2I2vucyiSrcVNNM15fvw,2970.0,2514702.0,372.0
와이미즈,UCImsSr1JwstXOvg_z2JANBQ,36000.0,19089689.0,248.0
시니어 건강 카드,UCCXLfb4UDsVlCSTjTs3dBlQ,781.0,1183469.0,412.0
물치맨,UCNbeo9zFWJ-GF2mXyXpPejw,10600.0,6245144.0,280.0
헤스티아 여성의원,UCRoZG8MlP8CuO8_jzEbTCiQ,11000.0,4732798.0,276.0
라이프스케치,UCqPka0VA9_5sAJNxl6KQ3dg,1040.0,516592.0,106.0
웰컴건강,UCA9jn-kCSa-qP4aBIuR4lgA,29200.0,11866184.0,338.0
나를위한산부인과 Naweclinic Nawe Clinic Global,UCBBTJHDbytygF4SuJBqyemw,1980.0,873688.0,156.0
아인병원TV,UC_c6oyaxNyCl6FlLGBzHmEQ,5760.0,3033961.0,510.0
산뜻의사,UCnZTekBu5lEsDJaZcugyHIg,31600.0,7377746.0,549.0
산부인과 닥터 샛별쌤,UCd6V-bqcyATHt4fQv0byO1A,752.0,576521.0,40.0
슬기로운 방광 tv,UCanAsw0JbU_BvmnpaRdO0dw,3590.0,559319.0,196.0
의사쌤,UCXC-VaDvQyBRWA-eS_fD4VQ,379.0,232546.0,240.0
3 PICK HEALTH,UCObVy_yN5yyY-IOtg5mO7VQ,131.0,0.0,0.0
별거아닌지식,UCPXxcXGOnRXnE4R8gIt7cag,1280.0,237407.0,25.0
백세청춘,UCfRgM1m3GnzZCkyVt0zbMYw,545.0,205163.0,136.0
산부인과 최쌤,UCVvv9PuUuWPGlkAdHZP6oKQ,402.0,336306.0,197.0
새로나다,UCLTiMyhXYnBKB9eRBem0bgg,49.0,18284.0,16.0
시니어 건강 라이프TV ,UCOG3nENjbTW38z-eFYVkntg,86.0,89306.0,75.0
정보사랑 스튜디오,UC5MH0VA_TXTpXs-1Vzvp54w,25.0,29850.0,26.0
건강한삶,UCaIB2t2Tu7K7_Mm7Dpc3y2A,33.0,27455.0,16.0
슬기로운 시니어 라이프,UCK_6d3gI3VnRPr8_l2X6XRQ,35.0,45725.0,29.0
물리치료사,UCcaDp_vBJm4-t8S405ZTOaw,4650.0,19721.0,10.0
건강정보,UCWh3_oD3C2TYR2GqFMCiArw,90.0,59499.0,203.0
Rich Healing Fit (리치 힐링핏),UCy9zuPP-4xfVzkhWe_DN4GA,27600.0,25433549.0,505.0
이경숙 원장의 속사정,UCQ5xDuYkDzeqGkaTmCjXQpQ,612.0,250425.0,187.0
노련한 정보통,UC-cr8SEVBpW6MkaA-sQIuow,628.0,123158.0,34.0
W여성병원,UCPLlhyE4NTM-eFAZs5rrHHA,1510.0,260622.0,205.0
부산제2항운병원,UCJOSN-EJQ69A2-7CM5AVm4A,201.0,19770.0,28.0
건강과 생활정보 | 시간 모자이크,UCjL5ES3dUcvNAzB6YyIshZw,13100.0,3905279.0,522.0
건강영양연구소,UCKbZzbxjFYHYbo1VHSpmMYQ,3090.0,6996296.0,332.0
항상건강TV,UCFwj9bd_TLK8iJlEJsBneEw,44.0,41762.0,46.0
아프지맙시다,UCEg5ZvoKhfZGHTluNI33_JQ,286.0,208154.0,201.0
장수정보통,UCAAuflDESYhb2S9uMkR6DuQ,131.0,130483.0,208.0
joojoo_world,UCuZN7wUOd4W7Upawyua6z5w,13.0,866.0,2.0
이윤정 산부인과,UCCXut6i26MbUhw2Wco2DYrw,1630.0,706027.0,130.0
닥터이승남TV,UCiXyFZNOg0qqV3TT9AQlx1w,123000.0,16721285.0,24.0
속편한TV,UCVHXVsT59kBEeTeC7QE4pPw,257000.0,19899787.0,86.0
스브스뉴스 SUBUSUNEWS,UCQabORQKQRHP-iUqe-xIFvg,1370000.0,2085642939.0,7938.0
용인세브란스병원,UCe7f-PQyyW8t31z9dhVGYMw,23200.0,29781438.0,457.0
한국보건의료연구원 NECA,UC7XZ9ovtQzKzjWK2to4BUWQ,3450.0,522829.0,351.0
헬스케어투데이,UCYL_w568OrGRD445KzjkBKA,343.0,300332.0,54.0
건강장인TV,UCjBuq0NyIJbg7tZC119NazQ,895.0,470835.0,37.0
자하연TV,UCsHHEnpc9lUZXPQZ5I8c-wA,214000.0,27233361.0,417.0
성지병원TV,UC8L6MLHToF0ekAcUkEIBLww,9980.0,2407315.0,576.0
헬스피디아,UCS32tEkr88vRszQIS9zos5A,50400.0,26553990.0,345.0
필한방TV:필한방병원,UCc_IsF6FxBPhGZVv_5lmfbw,13100.0,2675110.0,307.0
러브에코Love Echo,UCTsE1jdImsn68YPJPfR97ZQ,227000.0,26967150.0,483.0
위강한의원,UCwQ7VEZBfeCFF2W0V1J3W-Q,3400.0,2656640.0,197.0
조약사의 건강비책,UCPNUOaeijkLZsMZKcZWgzig,2530.0,714562.0,222.0
보령,UCcoDh-Kgqj3DDiSSo0OOIZw,17000.0,2092154.0,270.0
닥터스 체인지,UCGxfA5IXXll1ThZKNrslzmQ,962.0,180423.0,57.0
모커리 근육신경재활TV,UChAiyY5XT0501QAbhZxFzlQ,271000.0,48930237.0,944.0
화홍병원 - 건강화홍TV,UCrV_bPVWNt9XX2LMX3GA5Vw,2840.0,2100341.0,174.0
강한뇌,UChAfxn4bxmSB7Eqm9gjAGUw,13400.0,7968111.0,186.0
동네의사 닥터윤,UCSsfWTzrBc21DFhD9xmxhoA,7700.0,1581711.0,74.0
상쾌한의사 김성찬 ,UC9bhIPpJZFJhMh7e7BP7l9w,29800.0,4448872.0,286.0
저속노화,UCChkuHZt3ockmeAmMEa-Aiw,1390.0,2725631.0,35.0
두청한의원 김도환 한의사,UC60B9zTLsOORiuD5PvPMGcQ,3350.0,1104952.0,438.0
알고싶은 건강 이야기,UCOteKT17dBsg77C5VPwKZFw,59.0,15052.0,5.0
한국불교 대표방송 BTN,UCOozqNhXDcb6gg6oaU7uImA,1230000.0,685573311.0,27512.0
연세하나병원,UCIO_NwLzc7zLr3rv977DQ3Q,9300.0,1824871.0,270.0
조선일보 의학·건강,UCXg2PYJwE1cfhzxxei0DGmw,113000.0,22561377.0,1173.0
닥터 소확행,UCKcAS0mv82NsbyKYOHqjx0w,4030.0,783917.0,155.0
이안한방병원,UCG3VW07DB2COa-Z3xteq6Gg,2020.0,714824.0,268.0
걷는 청년,UCK2IYNwAX4yYp_IduBvipzg,2550.0,452811.0,53.0
의학채널 명답,UCnuPvU6wTZ1G8rxZ83nqi1g,28000.0,2733851.0,314.0
참포도나무병원,UCu3RSlkwTXizsTu3tAtw0Nw,17300.0,5532221.0,655.0
SLEEP Dr. 신원철 꿀잠튜브,UC70hC0mVGURG6rCBibw9Wug,119000.0,27714116.0,2837.0
담백씨의 건강레시피,UCIgaL3iw67u4uRZY3TYoeFQ,164.0,61082.0,24.0
나의약사 ㅣ 현명한 건강습관,UCyEV7pzb7i9fn5SWjxLc6Ag,2490.0,835076.0,194.0
신규철 TV,UCcVZPeRgiS_wyEwdnY_4Pfw,682000.0,189449915.0,1188.0
건강동행365,UCidiaHPbZpAtj37UcNs6S3g,2240.0,454401.0,181.0
잠박사TV 허정원,UC3olSE6K8XMEqBl2lmGWVmQ,38700.0,6612900.0,552.0
천약사의건강과 약이야기,UC4KS40p1OWvyA5kRNroC4Bg,23600.0,2341256.0,432.0
지금부터라도 건강하게,UCp1w1qrARgr5qcO601OMTog,1850.0,127027.0,77.0
#랩이비인후과,UCel_1vFe2H55kFOzrjG_fDw,759.0,906471.0,196.0
도해한의원-건강의모든것,UCRtgJCyg1wrI2q4aVl7olyw,327.0,199848.0,108.0
노태호의심장이야기,UCUmD__F0ZGrvbDa92dR76qQ,30900.0,3298731.0,401.0
IMRN♡위아너스_김명애TV,UCuFASzi5NeAoKebDFScpAAw,26800.0,16765177.0,649.0
에이스처방_A's prescription,UCq9IA9D1voMnmplQ-5LHaUQ,134.0,43714.0,22.0
남양주백병원(NDBTV),UCud0s-8OCYYHo2WTkdaeaew,7560.0,3410612.0,456.0
건강선생,UCaQ5LQTJ8oMtCX-NqXKZAdQ,2660.0,3650106.0,198.0
위편장쾌한의원 서울용산점 /건대입구점,UC6FdL3GqaOO5kQ0-72oU3iA,2180.0,875558.0,443.0
친절한 외과전문의 송쌤&김쌤,UCmJW9F42VJe4mnZksLKNOmA,1360.0,600597.0,224.0
닥터한스 ZIP,UCxM3PLXNIHNZmcPd5YDV-uA,4720.0,667832.0,651.0
숲속과민,UCrd3i6lcFWpYozOX6U8O0GQ,1930.0,642552.0,145.0
올라운더 장박사 ,UCEu0i8clLZcIIREJTa3HfEA,71600.0,11092139.0,292.0
변한의원,UCib3tOc38agLuj8qGEUcMrw,42100.0,9575430.0,877.0
송현희의 건강ON,UCmlIYDlUGHsWQz0_qxgbkuw,24100.0,10431789.0,992.0
서약사 사랑의서약,UCvPEqkgB3cnVbeJONQ86ByQ,8930.0,558680.0,85.0
지엔케어,UClKeJ4GoUHmlwIBX7ss5Gjw,7690.0,1421386.0,165.0
HIRA건강보험심사평가원,UCUAkzi_UHvcRBtePXePfsqA,40000.0,106827636.0,1120.0
위비앙TV,UCwy1Xg7DycFGwZ1fdpNeb-Q,2840.0,1266664.0,161.0
사람이다,UCNc1biekijrOWfJROUv0f1Q,32.0,25853.0,2.0
몸마음주파수,UC0KhBalzYT4zxukt6eTEGPg,35500.0,16685100.0,259.0
삼십초 상식,UCOPy4lUwBR3fJg41ys6FlAQ,16800.0,3969637.0,1391.0
명쾌한 최원장,UCQWZq1Cnvpq6bLW0Of9rhYQ,19900.0,2780088.0,755.0
미스터윤-Mister Yoon,UCMbY9y5fgPnaIRU7CxX3oRw,1620.0,600445.0,144.0
YO&P(요앤피) 멤버십,UCwwMP_NZIqC7ST0MeJTfitQ,24700.0,3217862.0,1855.0
위키약사영양제연구소,UCz5dK4bPKGjyzOPOBwytptQ,2740.0,1800828.0,102.0
김해복음병원,UCOVp_kXYXxxDHWVwrIOm1CQ,3220.0,1894915.0,313.0
김원장네 건강해우소,UC4JeRPAw5FY7Xsxep3BPFuA,3080.0,1148772.0,268.0
Doctalk,UCaCYiweMo3xsNtTRW38icKA,15100.0,10500768.0,18564.0
곽준수교수약초피디아,UC6AwFUL-WWqw1sMBJaO-ntA,21700.0,1829004.0,131.0
내일의 의사들,UCttlDJ1O4ols7XUNmCsxdBQ,1500.0,159214.0,49.0
도보미네(Dobominee),UCPwh_6YkZtB_I_0_SsboV3A,1530.0,262086.0,39.0
비타민한의원,UCPGmz2qT1MRaU1xpQOP_thA,286.0,71275.0,31.0
경희바른한의원,UCrfFpZbfxRmhz5EDHek0awQ,7850.0,1942769.0,161.0
건강멘터리,UCFzMMq8VS5_638drZ7oIhpA,457.0,73429.0,5.0
한국농업기술진흥원,UCivpeS9pydWHhwpUqakhkFQ,56900.0,7437297.0,523.0
송약사의 온전한 치유,UCrGdFTq1G5J4yX_8PSAgP1Q,37700.0,1657606.0,60.0
TJB NEWS,UCfyY-4xoQHDlRvCIXPhlubQ,153000.0,178577757.0,49870.0
건강병원,UCPJqUaEOCOIrWUF5KA3qeqQ,125.0,93130.0,5.0
정신과의사정우열,UCXe8kMnNwdBFgW3Kb7baFcA,233000.0,31808362.0,834.0
쇼퍼홀릭 지니,UCcS7bFYnbZb1GwxXODbVTYg,769.0,1023996.0,542.0
밝은빛한의원TV - 최원장 잘잘잘톡,UCQV7f9g989Qns2EzJ8m_Xvg,9370.0,3074066.0,451.0
건강클리닉 365,UCIsD1DkjniaMmrmsPi-g8yQ,542.0,49078.0,30.0
서울베스트의료의원,UCgCBlyYP7tnQoFp4gjJvydw,13300.0,3358218.0,289.0
청아TV-아토피를 이겨낸 한의사 임은교,UCVkDsPSpnIeMoYuUZ_Gjw_w,10700.0,3787633.0,448.0
서울대 별난약사 건강노트,UCpxKbysY4RuNsPxulEDH4qw,540.0,233988.0,42.0
닥터이걸의학TV,UC0uDCG39HbyPybXq--q4vfw,158000.0,34730272.0,533.0
야칸다,UC1oKM0sha4Z8Rplmh06XRFg,1530.0,497677.0,90.0
장덕한방병원 위장병 센터,UCr2mqhDkeq94x97RvgmM45A,2640.0,430129.0,50.0
하니쌤의 진료노트,UCDECDfb2Gfi63IyFA_LwmIg,330.0,188958.0,47.0
고마온TV 건강자립,UCsRT6RCiTNrBvsJ_rJgJkYQ,38800.0,3412136.0,314.0
성남정병원 Hospital Seongnam Chung,UCVyhtYsthLdKS3vNZe6zCHw,1650.0,216708.0,48.0
강남담온한의원,UCrrYtZ31tjWKUk6xFKiMKIg,4020.0,627158.0,190.0
자율신경질환을 치료하는 두근두근한의원,UCT1aoSWVBg2lNoh26QLlF3Q,2310.0,971486.0,536.0
구미차병원,UC4aBjNy_i5kqTRF4aQ0P_vQ,1860.0,493611.0,202.0
이은아의 치매를 부탁해,UCL80zgXZuKgOt54-KUWeSqw,80000.0,15022581.0,455.0
예원TV,UCcL199XT6QeiMStlPST5Ylg,92.0,44998.0,38.0
KBS뉴스 전북,UC0QmCmZuE1uQcvqHVg2OYDQ,122000.0,111627875.0,20009.0
스마트한농부,UCLigSO1MhXVFCjHbKof729Q,251000.0,79665079.0,1128.0
웨더뉴스,UCnInluxu9QQdlWv2KdGlQ7g,35600.0,32559854.0,52915.0
1분만에암(국가암정보센터),UCsjDv--dwnCaz4OJBvlvSFw,3800.0,14717511.0,91.0
긍정닥터,UC-BXTTBjj5j5G_hIjEMyLEQ,78200.0,4014664.0,317.0
정재면내과 - 분야별 전문의 7인 진료,UCo8KEGFmYQctY0is3oTKdiQ,954.0,564989.0,218.0
장덕한방병원,UCYixEiZg5Ry2fq8vnW8kZ0g,6930.0,98597271.0,225.0
STUDIO JJ [스튜디오 제이제이],UCoW9qWiUvytH7ZpnYcX4dEQ,425000.0,1252007.0,425.0
ganada global,UCYo8KF4nVq1_djMCPcTY9oA,1040.0,413659.0,226.0
튼튼60초,UCJckLKZRwnUGG3HXrPYk5_Q,201.0,152899.0,121.0
활력쿡,UCU64Jba5HFMU3o6C3EpJZ-w,53.0,13161.0,13.0
쏭이네 생활꿀팁,UC1Hbm-uG02xk4Jw7DkVUFRg,143.0,122934.0,121.0
세상의모든정보,UCxhc4JvsANRBjb9pRKVa9YQ,279.0,730754.0,107.0
건강듬뿍,UCo5TEWodKx0cLQ_DDUnSYWw,5140.0,1091420.0,223.0
건강엣지_HealthEdge,UCaSLJ5EXkQBr3EY_4AhmagA,236.0,188407.0,207.0
깨알건강,UCWSPAXlM-fZir1oj7edlRFQ,2090.0,9080772.0,406.0
주내과 건강자료실,UCF74vdBdD4ieeKtBf0hu2XA,156.0,84240.0,40.0
유약사tv,UCkWYne6JZHVp6CM5TZI2XKw,76.0,80754.0,59.0
100세비밀,UC_nmv-RiB59C--qOTVFzG3A,25500.0,14516976.0,490.0
내 몸에,UCxKkhvq0Y1A8XLwrin0bqxQ,71.0,48142.0,66.0
몸이 보내는 신호,UCuJePyH9XVrCSUMqxReE6hA,97.0,82953.0,77.0
건강시네마,UCCfk6XxzhEkpf-H2z4FkU_w,20.0,19698.0,15.0
요리하는 한의사,UCRzuvKZYDatl_KkWu0EOUPg,8590.0,2922684.0,230.0
자연의 선물 약초,UCMo1hY8HDyL48xB6B36ZfwA,502.0,86757.0,46.0
건강 읽어주는 영양사,UCO9DzdhGSeW1YZDcL4rpAOw,17.0,23289.0,38.0
시니어백년건강,UC7UBgRVfgt_4qTtgTT6Ig7A,68.0,61021.0,64.0
조영식 TV,UCGqAQ6F6_wCyAUhvEjq6PTQ,469.0,221591.0,254.0
온집건강 ,UCWEpw5aMb3TXrhKWdLLmFKA,278.0,179015.0,112.0
실버알짜배기,UCbKklgHFr6PMwqV5oJKMtDQ,48.0,40161.0,32.0
스마트 건강사연,UCeX81E4UGmubEKn_eD2FCFw,36900.0,28308047.0,413.0
평생건강,UCCatHTqvF6PunZK__lJRoHw,1030.0,517310.0,76.0
밥도락,UCEiBy3j492nRqJviHpOzAtg,22.0,19375.0,19.0
쏙닥터 류수형,UCB19vKHElP-PgrUnSjtxeDw,10200.0,853256.0,164.0
내과의사 황금빛,UChejNiVgpAJka9yo02zhFAA,1400.0,636485.0,171.0
오늘도건강하게,UCYlew_5fwMO0UtLoSLTHtPQ,146.0,65470.0,61.0
건강꿀톡,UCLCEZSqOX73rxgnedsLdMzw,208.0,132725.0,147.0
장수건강,UCx9Ho55M7stpWCO4O-anLHg,1270.0,590954.0,141.0
건강채움플러스,UCPNpeyJTW6h5IY0WPUiJqwg,92.0,174638.0,153.0
내몸돌봄 ,UCn8q9IDI3UAXg3nr4gWl0GA,518.0,343184.0,69.0
행복 돋는 건강TV,UCwPGOJGD-m_D1mMG3klkx0A,214.0,156367.0,41.0
약보다밥,UCp9yNpzWPrdQCX6rWyutGHg,294.0,289450.0,250.0
산부인과 의사언니,UCth_C7a36nylqCALjcQc2fA,293000.0,95559314.0,489.0
숏부인과,UCVtmpTQyQUM4p2auxlnXn5A,390000.0,126441086.0,532.0
연세신통TV,UCDp34bAXaJbo7PT1igMMQKg,301000.0,34229789.0,570.0
숏뚜기,UCLRr9cs806rmPeg5nLqX6_Q,84100.0,120870566.0,210.0
미야옹철의 냥냥펀치,UC69l_rtlCQ7M4Mz2RCS80BA,523000.0,299289968.0,1269.0
"닥터 조혜진, 어니스트TV (Honest TV)",UCTQBJrfHsobcq3IcVfs9RAQ,26900.0,11572117.0,448.0
전립선방광TV,UCT5BEp-ssELErgQUwXWkyPw,2330.0,363919.0,114.0
신·소·애 SINSOE women's clinic,,,,
미즈러브여성비뇨의학과MIZLOVE FEMALE UROLOGY,UC2QKUTPzR9euVf2QBLL2IFA,775.0,286620.0,115.0
순천향대학교 천안병원,UCI8WkYl2v4Htd6g957VHXxQ,9930.0,2592489.0,496.0
으랏차차 여성건강,UC6SbyWmi0pjeHrkoeL9-Y2A,8260.0,3302933.0,99.0
아이엠닥터 임창락,UCdDqxOpOI2rW8kAKNwFRnzA,1880.0,486855.0,245.0
아는약사,UCFc5QYAejTmbnA6jYEExOAQ,958.0,237947.0,39.0
강남더의원,UCaBGn8qfVe4TQ9Uk5-F0PPw,112.0,97426.0,90.0
윤희쌤의 자궁리셋,UC10Us9UaCEQhv2xkOFNcglA,68700.0,12193824.0,295.0
유튜브 건강주치의,UCDTqIzL2iJu8WoB8rnQDA3g,115000.0,21309979.0,236.0
한부인과 남은영,UC5oPXya423Zx0Gci4K4przg,744.0,741738.0,290.0
고양이에 진심 백산동물병원,UCRLdyBg8qKHxqfByLjOstWQ,2410.0,1611036.0,677.0
카포리아,UCYC2vZaDgRGsFzgUN1W9Vxg,680.0,1174563.0,120.0
DR.유미의 성(性)세포들,UCJkmwh-4kFkhxT_fNEGkhnw,53800.0,19887659.0,370.0
1분지혜산책,UCYq-2CCUfXmX8YExqsKv07A,9820.0,2694199.0,290.0
지식한끼,UC2EAJOZLfr5VkhC9IQLOhTg,3950.0,2663126.0,388.0
다민한의원- 소변시원TV,UCdvy2NEJDEubciP7vlAMVtw,3420.0,349828.0,145.0
나의 건강은 내가 지킨다,UCswN-RGSAJcYAhj6QanmIxg,151.0,32002.0,26.0
THE 프라임병원,UCN3YFZOJIgZ38UYBWjMHggg,4400.0,433572.0,262.0
이지약국갑시다,UCPAIeUk_4PbQsoQRarZ9Ysg,359.0,82118.0,31.0
건강습관,UC9acWMLu75zMKEQTVSFtNcA,1360.0,529946.0,173.0
통사 연구소(낭만닥터 성사부X노스테로닥),UCmB4nGv2_xklex--Q9UED4g,6780.0,562111.0,289.0
파워비뇨의학과,UCw7W29VTUq-YFb-4M00pVzw,1740.0,218991.0,75.0
묘약사,UCwWR9RLH6my46yzLorLv2og,953.0,891188.0,135.0
닥터핫이슈채널,UCh41ihJtPKm_a4bGhsnpxfQ,279.0,313554.0,258.0
시니어장생교실,UCQ4lmG2lBoGJBhY_XBg-95Q,595.0,144165.0,168.0
나만의닥터,UC2IlIcvp7ffOfl1ue-vMfGw,567.0,1460833.0,297.0
멘파워비뇨기과,UCZFKj3YtWoVoz3ikJTGC2uQ,5530.0,2530746.0,666.0
나리여성병원,UC2FPxqqMrtiAnHeaOIMO1jg,1760.0,410434.0,210.0
한방닥터이글스,UCwm3Chy9YBY0U-PiHc6t-_Q,309.0,163756.0,147.0
"요도질환 면역케어 전문 브랜드, 템페라스",UCSFvoBCQrFYCMfaXW4MnlXw,190.0,816073.0,44.0
최서우 박사의 여성건강 백서,UCJu_J7hu7f85ztwtYP3v7fg,2920.0,818906.0,859.0
채널 JJIN,UCE1q3eOEjbrEMBEMcHE8Q7Q,3.0,4271.0,10.0
건강생각TV,UCgwbeBE_trJveQ4Y8w4x7lg,677.0,648885.0,396.0
건강365일k89,UCK2w2BHL6InOXF8ZX10pFPw,1390.0,353628.0,328.0
라골라골,UCDW86_o-tznCFslh4A4dtQA,76.0,52843.0,45.0
네오유김원장,UCyQOgHFvISkyufD5siAtW2g,110.0,37848.0,33.0
찐건강생활,UCU_H_goLZA_A8U2J1gXUHjQ,78.0,50444.0,41.0
안상원 박사,UCQRG3qLVmOmbTghKk3Fv8QA,11800.0,3185794.0,961.0
ENF메딕스,UCs_aOGcii5fhZ176bwGhKWg,772.0,92972.0,57.0
시니어건강나침반6090,UC05YB7GwR5fKhC-WX2PfNsQ,491.0,57068.0,80.0
정선근 TV,UCfwHnETOc2DrYnBDPjxzKSA,1640000.0,125309491.0,429.0
건강구조대,UCatDnMlI2LI2dDb15BuZbAg,693000.0,97668690.0,548.0
물리치료사.PT재석,UCsyhk1jx2eeafzMSYhQc9Mg,530000.0,39972496.0,358.0
1분건강톡,UCK0uGIo6lVuTh_CcYTRhtuQ,6090.0,9322155.0,86.0
연세사랑병원,UCWoQqwKkrSm0ximdovQ0BGw,108000.0,19798809.0,846.0
문쌤재활,UCp0BvOoOfBAG8nrf50bvkig,102000.0,28009879.0,892.0
라이프에이드,UCqXfFLZj4mt3QWqzEPcUIrg,170000.0,13893711.0,272.0
"재활운동 물리치료사, 박PT",UCvUyHmhP55Yyi2uk2gl-qrA,139000.0,37082985.0,169.0
PT_에이더 (19년차 물리치료사),UC_VFA17j3kxGikoFzI5qRNg,81300.0,61832230.0,393.0
아이덴피티 용선생,UCshI5oAc2OWvbFWAzigF-vA,15900.0,9732094.0,148.0
대찬병원,UC8RE8q5jZfXUTw39dot8Sug,27900.0,5062026.0,243.0
바벨라토르 홈트레이닝 BARBELLATOR,UCDVQ0yDp7Bu-BxEfelTHL8g,418000.0,207876493.0,867.0
닥터홍선생 (OS Dr.Hong),UCv4rzc34JS1pl3CA9RvqXcg,223000.0,23793766.0,312.0
닥터힐러 최준하,UCMc61QsqMMWWajw7m9kZtFg,23700.0,17351918.0,360.0
Sports_medicine,UCRUQRvB2Pnaj14Hx1rxgBqA,21400.0,10550186.0,30.0
밀덕스,UCDww6ExpwQS0TzmREIOo40Q,361000.0,234486204.0,14775.0
모스틱 자세연구소,UCPHxvt1LP49WEfBW9Q_JUZg,499000.0,43256806.0,727.0
뼈아빠 닥터욱,UC8zdg2jwpho7hF3EFjZTFFw,9060.0,2310821.0,48.0
제애정형외과 (구 금메달정형외과),UCYlDZTMBeZeKRJkDs41uHFA,103000.0,12674230.0,253.0
알쓸물치,UCm3IV_RvXMOWczBbarPSQSg,655000.0,126167736.0,918.0
부산큰TV,UCwYzTcRSfjzjtPBX-RFnZMA,6130.0,1287508.0,247.0
미래본 TV,UC1Blz3U61rjLKNBwNGXq8oQ,2070.0,1574923.0,280.0
자세요정 JSYJ,UCR1TcyHWcDgR2rL-LQdx2ow,1600000.0,187091736.0,247.0
마디탄탄 의사 이자운,UCE4w6r8D9yBPVcGO1OW4qLg,78800.0,6555732.0,77.0
나누리병원TV,UCMADz6vHmlJpwmQnV7_K-3g,40100.0,17896268.0,1183.0
다고침TV,UCjGx_2Uou9af1Zzn2l8M3LQ,160000.0,28354428.0,515.0
"통증의정석 [허리, 목]",UCuQpJbwyEAY08dugoLV5Tgw,13300.0,3355680.0,226.0
삼성본병원,UC3F9KFIngkHSH9FXR660zxQ,3560.0,2662175.0,246.0
바른세상병원,UCBdio0WCeRqN6iSzODb_KOw,127000.0,18831063.0,732.0
닥터발룬TV,UClFnjIKBvhcWDqxlvbmdTgw,19400.0,4293766.0,238.0
1분도수 | 목 전문 도수치료사,UCWywSxMIVgYcE8lqPCwHWfg,123000.0,22029810.0,243.0
삶은언니,UCgcesnz_KZrvE9Bb2_gU-Lg,8310.0,5217929.0,463.0
우리들병원TV,UC2ATsiBGQuX_ON58mu3utWw,96700.0,15979029.0,688.0
이동엽 원장의 자세혁명,UCia1xWXKzwc6_Lxr8sQQAXw,44300.0,10522641.0,634.0
척추전문 으라차차 정형외과,UC_u9Ld9puqWmw4dAi47nEWQ,60600.0,3426312.0,178.0
닥터 코뿔소 Dr. Rhino,UC92kH-aQbWRSLW2fhYwlSEg,42100.0,6575071.0,489.0
자생한방병원,UCpwd_VdrwtnanBP5V_ZK1Hg,148000.0,45941659.0,1609.0
현정민 부부,UCR_3buXo6XMMfX4EbxdaBng,1490.0,1015264.0,154.0
S서울병원,UCG_orItgYfIWnaNYFJjV9cQ,7760.0,2175917.0,117.0
유앤제이병원TV,UCM7yXLrdK238lx2NhO9Bukg,38300.0,6042495.0,496.0
이대영의 새길TV,UCb9w7aVmVpPCS-S2Y6Zf7AA,59900.0,36777501.0,863.0
더자인TV,UC__lJ37u6OOYw-kambfuLWQ,13500.0,3590347.0,59.0
업앤고,UCYFw33Z6AjmUwwIcR1BeKtw,50800.0,5714833.0,124.0
콕선생님 (콕통증의학과),UC-deqx7nwzcJzRxQjUtMPiA,297000.0,16572878.0,757.0
"필라테스하는 물리치료사,람PT",UCzqRFYChfB-SezLuyoWQQBw,273000.0,23287530.0,144.0
참잘함한방병원,UCAVHVBlwhXvfsLOPkJW-NqA,15800.0,3528934.0,415.0
트렌드몽,UCfInwM5nfZsBiJmvmIX5vZA,20000.0,12615373.0,64.0
크리스탈나우crystalnow,UCz-vOhhPbBqzB9NSfE2EEbw,149000.0,60118179.0,547.0
닥터 마디마디 Dr MadiMadi ,UCwLNAQEiPbX3tGAZ3jjEvgg,267000.0,83610350.0,2037.0
PAIN LAB,UCgGArbrYwGTAHZSTNY8aQBw,198000.0,49913646.0,640.0
찐한의사,UCQt6bki_yeKaMS4hLm6YWlA,120000.0,17269865.0,523.0
그들의건강습관,UCm-cu0r3s13UkCXHBM4ar-A,26100.0,41525419.0,180.0
바른몸교수ㅣ목어깨 치료사,UC-cek_fEjw_l8gX9Ke0Q6Rg,118000.0,16781602.0,197.0
한의사 류TV,UCXqz2g3jCXmm9cFxuQdMecQ,77700.0,8806218.0,71.0
건강지식in 노현우TV,UCBi2LsWg9YOOZ61Z5VPApzQ,2920.0,473157.0,326.0
닥터에세이,UC8uAEmgfZ6l9zmu_SO7mEnA,27100.0,4799177.0,235.0
교양 Voyage,UCe8HrlhMkYlQ_61EjrrQlHw,1050000.0,553291518.0,11277.0
프로페셔널,UCkfSg-wO6rgqeLhhHjzxFfA,24800.0,8856567.0,475.0
EBS 건강 아카이브,UCOR5pY0lRqAu9XB9mE3jiXA,9610.0,4051680.0,155.0
가자건강TV,UCHZYFtjyX3DlnU_HbJchCJQ,11400.0,4878095.0,462.0
르우Reu,UC7Uo3yKC6wX_jOiTAVXypXw,312.0,42031.0,7.0
중앙일보,UCH3mJ-nHxjjny2FJbJaqiDA,568000.0,500422291.0,20860.0
하워드 통증의학과 의원,UC3Yu8pizgJAqFsjtVwlsu2Q,727.0,234268.0,43.0
썰푸는무니,UCqWsrT0Mkf9tt45sOvHXvMg,10300.0,10290517.0,498.0
서울예스병원,UCuIbvJLil8H5v-lGw5OIZbQ,22800.0,4888137.0,800.0
뉴로썰전 NeuroSurgeon,UCfd4WohU0NRdyP_ypkHsf8A,19500.0,2457992.0,119.0
훈남하이 김대표의 내돈내산,UC--D3GmKHrl62GeY0t1ke9A,3120.0,5275806.0,3106.0
달려라병원_Hospital Run,UCzjAqo-PgaHejqHsw3UfD5A,38600.0,5656060.0,421.0
주원장의 척관시,UC8po5G4shM2YJvn-n4z-JSw,51000.0,0.0,0.0
관절 알려주는 의사_뼈선생,UCgSEPdXabgtvuqTKK9k5FGA,73800.0,10994978.0,167.0
강남YK병원,UCCoBtL-0DJjtmPx1HISZrag,5370.0,761356.0,180.0
닥터척추 신경외과전문의 양경훈,UCfs-1dND_Yk1b5iVEMZBuMQ,3290.0,1410519.0,737.0
장형석한의원,UCuVamYyeYkF9NeXsgx8UekA,1230.0,338112.0,175.0
임피티IMPT,UCDunp3yW9Yp6cWcOv3wn-cg,262000.0,68738333.0,2065.0
통증요정 김학조,UCo_JzTom6eRlh7UttLZq4rg,133000.0,20573099.0,574.0
힘찬병원,UCyqvSbrRyaRq1TuRlwVXrzw,128000.0,29072835.0,664.0
닥터고의 쓰리고TV,UCvpo0SeWU4WHYr4fnGXS__A,44200.0,7127272.0,722.0
연세건우병원,UCvj5FDQuL6t6CeQxWPLag4A,40800.0,11523573.0,412.0
예손병원,UCQlGC7lUjIXyJHvxwrI20Fg,2850.0,3689291.0,278.0
의학박사 박정관의 관절연구소,UCQ6peNruw9Syb3kKGffdUTQ,5790.0,1160909.0,174.0
임창무 박사의 휜다리수술 근위경골절골술,UCa8oxZLpmq64JqtAcIPijBA,13000.0,621512.0,152.0
서울원병원TV,UCyX7VXU8VIn1T2XAHi16Q5A,5770.0,3072059.0,412.0
조인트힐병원,UCqzVi1Z3_STrIEq85gR7I0A,417.0,442720.0,137.0
청담마디신경외과,UCbNerxozD5SHvoQE8rXYAkw,10800.0,3878684.0,699.0
건강캠퍼스,UCyNmptfoUYR-PrMCqJHpp1Q,816.0,318898.0,98.0
척추박사 닥터강,UCFsN7km7UVKQTQyPzU13-cw,75600.0,132556848.0,823.0
광주MBC,UCRvrYUbatHPDc-snY-jCG0A,263000.0,125379592.0,11107.0
청춘병원TV,UCHaNTPAJpK4Ncv4K3meGuVQ,4580.0,1668943.0,432.0
건강천재 - 건강정보,UCn3UIIcPHZUbm3L_u8AzFTA,325000.0,261010663.0,2677.0
건강안내,UCU2J0JOB1rn6NOvlUe0dkpA,52200.0,7364356.0,67.0
김수연의 우아한 노화,UC-OldTguSguK0v-d21Tmryw,53900.0,7107073.0,101.0
바른건강 캠페인,UCiPUW38WR7CDGKImqVx9slQ,1400.0,10529618.0,76.0
CM병원,UC5OkFR3L6rwZuL-qUd-Ps3w,24100.0,4587787.0,826.0
웰빙마켓,UCy_zYMup1JLoctS36ayVMTw,6020.0,1903884.0,407.0
마디사랑병원,UCyOzoQl4JqGGMxHyRjX-esw,9740.0,3278457.0,268.0
야! 그게 말이 되냐!?,UC1jyKbTztlxxzLesdBgEKSw,5.0,132.0,3.0
MovieTalk,UCN6dbRWCT1mCiPqL8HzpBWg,70500.0,75212607.0,759.0
국립생물자원관,UC4nZ0RgT2D7sqcHjOclTJCQ,14100.0,2983980.0,479.0
헬스중앙,UCogznzltvYBhCRLC8R9xiQw,6400.0,770145.0,224.0
몸튼튼365,UCBKtciVVSE4C-8SYhaUURzA,6540.0,1450872.0,77.0
건강쉼터365,UCbEZnXzJsgOBuZKlhQHcbfA,12700.0,3811508.0,174.0
머니올라_KBS,UCAySceX4rbSr408F1dUpuUw,535000.0,159023263.0,2446.0
근거중심이약사,UC_1FUQM1JpDniNWHP_7ua1A,18900.0,1989045.0,165.0
현대유비스병원,UCM2kD6K6ghbAdS-OVBx1WJA,518.0,226318.0,184.0
여수애양병원TV,UCPzjjhaSCm3d19Ky4WoQcWw,796.0,300303.0,37.0
부산풋사랑정형외과,UCMygwPK08dnCfD-1YsnqKug,2760.0,556057.0,157.0
심장이 콩닥콩닥,UCUx3sQtNuT7CsvNev8DQphQ,2200.0,2045983.0,221.0
강철병원,UC-SIj1HiEN3t0RwoTSiAMXQ,105.0,29974.0,32.0
징가 다이어트,UCoAnIb1G51nkYQDu_Tb63sQ,36400.0,13597025.0,45.0
관절사용설명서,UC6bYE4W9qDix6WPkaigb1Gw,179000.0,34704352.0,511.0
피지컬갤러리,UCdtRAcd3L_UpV4tMXCw63NQ,3010000.0,1406263669.0,1363.0
하늘병원,UC6p_U4abDA8dqDARSIy4J5Q,88700.0,13788385.0,411.0
리얼리햅,UCNEqrN9CGcd_RW9Uj9J_FKQ,135000.0,16675463.0,934.0
보약밥,UCHO0z4YTorD1I_RR_HkBvXQ,15700.0,984486.0,12.0
뻔더,UChU7a6tVcJ-PEG4VW0dL36w,903000.0,414016874.0,774.0
물김치TV-물리치료사김선생의셀프치료,UCxbnSN_9J9sVQ_UY5IOKmog,183000.0,32745469.0,379.0
Mr.Physio 호주물리치료사,UC60jiGq5e5zoDiWyGPLVicg,311000.0,30824655.0,259.0
서울면목동대한민국의원정형외과,UCw4Q8ZlkBxQmofwFeclE9kQ,43800.0,6342646.0,1420.0
척추요정 안선생,UCo2wKJ0p_mnnqEZ6tXLU-dg,129000.0,49152879.0,241.0
 피지오스튜디오 PHYSIOSTUDIO,UCW9IhfWTerPVTywpcGdYtzQ,170000.0,63671476.0,597.0
NewKsns,UCfUIP8OZcYhVRB6Fsbl9lvA,95300.0,26495430.0,685.0
